TransactionID,Date,Store,City,ProductCategory,Sales,Customers,Satisfaction,DiscountPercent
1,2025-01-17,Store A,Toronto,Sports,2304.57,96.0,4.5,20
2,2024-05-09,Store A,Toronto,Books,1968.88,,4.0,10
3,2023-09-26,Store C,Hamilton,Clothing,1078.01,98.0,4.2,25
4,2025-03-21,Store G,Waterloo,Clothing,1329.69,86.0,3.1,0
5,2024-06-29,Store A,Toronto,Electronics,2323.4,102.0,4.7,15
6,2023-10-09,Store E,Kingston,Books,1277.3,58.0,3.5,0
7,2025-08-07,Store B,Ottawa,Clothing,1798.97,113.0,4.9,5
8,2024-07-30,Store F,Mississauga,Sports,2397.66,78.0,4.7,15
9,2023-07-10,Store H,Windsor,Food,1524.89,72.0,5.0,10
10,2025-07-08,Store C,Hamilton,Electronics,1599.62,85.0,4.1,10
11,2024-04-13,Store C,Hamilton,Sports,710.32,79.0,4.5,10
12,2024-09-26,Store G,Waterloo,Food,1225.61,64.0,4.0,0
13,2024-05-29,Store E,Kingston,Home,,50.0,4.2,5
14,2024-08-04,Store E,Kingston,Sports,1630.03,102.0,4.8,15
15,2024-04-16,Store A,Toronto,Clothing,1769.82,95.0,3.8,10
16,2025-07-26,Store C,Hamilton,Clothing,2325.81,78.0,3.8,20
17,2024-01-05,Store G,Waterloo,Home,1660.1,76.0,4.7,0
18,2023-03-05,Store G,Waterloo,Home,1403.06,111.0,3.5,0
19,2024-09-04,Store E,Kingston,Home,1657.65,55.0,4.8,10
20,2024-09-09,Store D,London,Books,1448.46,93.0,4.0,15
21,2023-11-18,Store C,Hamilton,Food,2486.65,57.0,3.9,10
22,2024-05-08,Store B,Ottawa,Sports,2001.8,58.0,3.8,15
23,2025-01-24,Store D,London,Electronics,1459.88,104.0,4.2,5
24,2024-05-07,Store B,Ottawa,Clothing,1534.25,86.0,5.0,0
25,2025-11-12,Store B,Ottawa,Home,1707.43,150.0,4.0,5
26,2025-01-06,Store F,Mississauga,Books,2345.9,120.0,4.0,0
27,2025-05-10,Store G,Waterloo,Clothing,1180.98,88.0,,0
28,2023-10-15,Store H,Windsor,Home,1534.64,68.0,4.1,25
29,2024-05-25,Store E,Kingston,Food,891.04,59.0,4.1,20
30,2023-05-17,Store B,Ottawa,Clothing,1524.4,31.0,4.0,0
31,2025-04-16,Store F,Mississauga,,2162.17,101.0,4.3,10
32,2023-07-10,Store B,Ottawa,Home,2006.03,74.0,4.3,15
33,2024-11-04,Store A,Toronto,Food,2088.1,160.0,4.0,0
34,2025-05-18,Store H,Windsor,Electronics,1378.69,77.0,3.8,25
35,2024-03-15,Store G,Waterloo,Books,1322.1,70.0,4.8,10
36,2024-05-02,Store D,London,Clothing,1957.25,61.0,4.2,5
37,2025-05-02,Store D,London,Home,1783.7,42.0,3.7,0
38,2023-04-24,Store B,Ottawa,Clothing,1878.49,121.0,4.9,10
39,2024-01-03,Store E,Kingston,Food,1783.55,133.0,4.3,0
40,2023-12-22,Store C,Hamilton,Food,2190.88,102.0,3.9,0
41,2025-03-06,Store D,London,Food,2187.42,72.0,4.4,0
42,2024-11-22,Store H,Windsor,Home,1573.47,105.0,3.6,10
43,2025-02-02,Store H,Windsor,Clothing,66.88,15.0,3.7,20
44,2023-04-01,Store F,Mississauga,Food,1863.57,63.0,4.2,0
45,2023-06-18,Store E,Kingston,,1098.34,105.0,3.8,5
46,2024-08-14,Store E,Kingston,Sports,1508.49,116.0,4.5,10
47,2024-01-27,Store A,Toronto,Food,2068.76,96.0,3.8,25
48,2023-11-01,Store G,Waterloo,Clothing,1631.53,69.0,,0
49,2024-01-21,Store E,Kingston,Food,1167.54,82.0,,0
50,2025-09-06,Store G,Waterloo,Electronics,1249.94,102.0,4.3,5
51,2023-05-22,Store A,Toronto,Electronics,1908.39,82.0,3.2,0
52,2023-06-28,Store G,Waterloo,Electronics,1070.89,109.0,3.9,0
53,2025-08-21,Store D,London,Food,1045.55,104.0,3.6,15
54,2023-05-02,Store F,Mississauga,Food,2239.67,106.0,4.1,5
55,2024-04-23,Store C,Hamilton,Electronics,1216.92,88.0,3.6,5
56,2023-11-06,Store C,Hamilton,Sports,1895.0,110.0,4.1,15
57,2023-08-17,Store B,Ottawa,Books,1826.54,125.0,4.2,0
58,2024-09-15,Store H,Windsor,Books,1708.33,87.0,,10
59,2023-04-02,Store A,Toronto,Food,2016.15,47.0,4.1,0
60,2023-05-17,Store A,Toronto,,961.67,41.0,4.6,0
61,2023-06-28,Store C,Hamilton,Sports,1665.23,35.0,4.0,25
62,2023-07-15,Store F,Mississauga,Food,1933.71,95.0,4.8,20
63,2023-04-20,Store A,Toronto,Food,1376.66,142.0,3.5,0
64,2024-10-09,Store A,Toronto,Home,1654.93,114.0,3.8,5
65,2023-02-14,Store D,London,Home,2190.0,130.0,4.2,15
66,2023-03-05,Store G,Waterloo,Home,1124.9,45.0,4.0,15
67,2023-03-24,Store C,Hamilton,Sports,1637.99,39.0,4.9,5
68,2023-12-01,Store D,London,Clothing,2281.61,91.0,4.0,10
69,2025-09-13,Store A,Toronto,Home,2270.86,48.0,4.1,5
70,2023-07-04,Store A,Toronto,Sports,1323.08,76.0,4.5,5
71,2023-04-23,Store H,Windsor,Sports,1563.02,80.0,3.4,5
72,2024-03-11,Store H,Windsor,Books,1807.38,136.0,4.1,20
73,2025-01-05,Store F,Mississauga,Home,2465.4,100.0,4.3,15
74,2024-05-15,Store C,Hamilton,,1803.64,54.0,3.8,15
75,2025-11-02,Store E,Kingston,Food,2224.65,59.0,4.5,0
76,2023-06-23,Store E,Kingston,Sports,9007.81,71.0,4.3,5
77,2024-11-16,Store H,Windsor,Electronics,2251.25,80.0,3.6,5
78,2025-05-09,Store D,London,Home,1523.65,72.0,3.9,5
79,2025-01-27,Store D,London,,1435.75,67.0,4.0,0
80,2025-06-22,Store D,London,Food,1685.15,66.0,3.7,25
81,2025-07-23,Store D,London,Electronics,1680.0,140.0,,5
82,2023-03-07,Store F,Mississauga,Books,1125.53,95.0,3.9,15
83,2024-01-11,Store B,Ottawa,Electronics,2110.86,41.0,4.2,0
84,2025-06-27,Store G,Waterloo,Books,1792.12,113.0,4.1,0
85,2024-02-13,Store E,Kingston,Books,511.6,77.0,4.2,15
86,2024-02-16,Store F,Mississauga,Electronics,1883.22,119.0,4.3,20
87,2024-01-11,Store D,London,Books,2268.0,70.0,3.7,10
88,2024-09-04,Store F,Mississauga,,1792.5,112.0,3.9,25
89,2025-01-23,Store E,Kingston,Food,785.2,40.0,3.6,0
90,2025-06-13,Store F,Mississauga,Books,2643.07,87.0,,0
91,2025-12-12,Store B,Ottawa,Clothing,2008.1,96.0,4.2,20
92,2023-07-13,Store B,Ottawa,Clothing,1314.55,32.0,,5
93,2025-12-01,Store G,Waterloo,Home,2411.88,104.0,4.3,0
94,2024-02-17,Store A,Toronto,Books,1595.71,33.0,4.1,5
95,2024-05-25,Store G,Waterloo,Sports,2004.15,49.0,4.4,5
96,2023-05-28,Store C,Hamilton,Home,1180.61,46.0,3.8,10
97,2025-03-11,Store D,London,Electronics,875.4,5.0,3.8,10
98,2025-10-11,Store D,London,Sports,1678.23,44.0,4.3,5
99,2025-05-15,Store A,Toronto,Sports,2157.18,106.0,4.2,5
100,2025-11-20,Store F,Mississauga,Food,2492.41,142.0,4.0,10
101,2023-08-26,Store F,Mississauga,Electronics,1485.25,85.0,3.6,0
102,2025-04-08,Store G,Waterloo,Food,2145.96,88.0,4.8,15
103,2024-07-26,Store C,Hamilton,Clothing,1596.67,111.0,4.4,20
104,2025-10-05,Store E,Kingston,Sports,1685.69,104.0,4.4,5
105,2024-03-10,Store G,Waterloo,Sports,1167.57,52.0,3.7,15
106,2023-04-26,Store A,Toronto,Home,2476.91,47.0,4.3,10
107,2025-07-19,Store E,Kingston,Home,2182.35,105.0,4.6,15
108,2023-09-25,Store H,Windsor,Electronics,1761.81,56.0,2.9,15
109,2024-01-18,Store B,Ottawa,Books,1322.58,70.0,3.4,25
110,2023-12-07,Store B,Ottawa,Clothing,2410.36,99.0,3.0,15
111,2023-09-07,Store A,Toronto,Books,1682.78,80.0,4.2,5
112,2024-06-10,Store C,Hamilton,Home,1870.2,79.0,3.9,0
113,2024-03-20,Store B,Ottawa,Home,1373.64,119.0,4.4,25
114,2025-10-03,Store E,Kingston,Books,1213.13,68.0,,15
115,2025-03-16,Store F,Mississauga,Books,1232.61,66.0,,15
116,2023-06-07,Store H,Windsor,Sports,2229.81,73.0,4.3,5
117,2024-03-06,Store D,London,Clothing,1407.24,83.0,4.1,10
118,2024-10-27,Store B,Ottawa,Food,1156.31,45.0,4.4,10
119,2024-07-06,Store D,London,Electronics,1019.66,75.0,4.0,0
120,2024-01-05,Store A,Toronto,Sports,1903.04,109.0,3.4,10
121,2023-02-13,Store A,Toronto,Electronics,2223.88,78.0,3.7,15
122,2023-03-16,Store G,Waterloo,Home,666.17,45.0,3.1,0
123,2023-09-16,Store D,London,Clothing,1265.11,54.0,4.3,15
124,2025-07-31,Store E,Kingston,Electronics,1875.64,58.0,,0
125,2024-03-17,Store C,Hamilton,Electronics,420.59,96.0,,0
126,2023-03-05,Store B,Ottawa,Sports,2062.9,57.0,4.1,5
127,2025-02-01,Store A,Toronto,Electronics,1717.5,102.0,4.3,0
128,2023-06-21,Store C,Hamilton,Home,1558.29,145.0,3.8,25
129,2023-07-22,Store F,Mississauga,Sports,1992.77,120.0,4.0,0
130,2023-02-02,Store C,Hamilton,Electronics,1305.81,85.0,3.8,10
131,2025-12-19,Store C,Hamilton,Books,2637.65,156.0,,10
132,2024-10-01,Store H,Windsor,Books,1465.01,39.0,,15
133,2025-04-01,Store F,Mississauga,Sports,893.8,112.0,3.7,20
134,2023-08-01,Store F,Mississauga,Home,2627.94,100.0,,5
135,2023-01-26,Store A,Toronto,Clothing,2386.51,96.0,3.8,10
136,2025-11-07,Store A,Toronto,Clothing,1931.7,135.0,4.1,20
137,2025-09-30,Store C,Hamilton,Books,1808.38,64.0,3.9,5
138,2025-02-17,Store A,Toronto,Home,1293.89,87.0,5.0,5
139,2024-08-16,Store C,Hamilton,Home,1505.6,50.0,4.4,10
140,2023-01-15,Store C,Hamilton,Electronics,653.21,66.0,4.1,15
141,2023-05-22,Store A,Toronto,Electronics,2397.79,96.0,4.1,0
142,2025-05-16,Store H,Windsor,Sports,1027.42,73.0,4.7,0
143,2024-11-18,Store A,Toronto,Food,2606.35,135.0,4.3,10
144,2023-03-20,Store C,Hamilton,Home,1111.1,73.0,3.7,15
145,2023-03-30,Store C,Hamilton,Food,1725.41,94.0,4.0,15
146,2025-02-25,Store B,Ottawa,Books,1345.49,76.0,4.1,20
147,2024-08-25,Store D,London,Sports,2587.99,,4.8,10
148,2025-01-10,Store G,Waterloo,Sports,2036.73,96.0,4.8,0
149,2023-06-07,Store A,Toronto,,1354.76,119.0,3.8,10
150,2025-07-23,Store F,Mississauga,Home,2322.66,89.0,3.6,10
151,2023-11-09,Store F,Mississauga,Sports,3180.48,151.0,4.5,0
152,2023-07-26,Store H,Windsor,Sports,1220.65,84.0,4.3,0
153,2025-03-16,Store G,Waterloo,Books,2029.46,81.0,4.0,5
154,2025-10-07,Store E,Kingston,Books,822.71,75.0,4.6,5
155,2023-01-11,Store A,Toronto,,2005.43,66.0,4.7,0
156,2023-05-10,Store E,Kingston,Sports,1493.32,74.0,3.8,5
157,2024-03-01,Store D,London,Electronics,1346.36,65.0,3.7,25
158,2024-08-06,Store G,Waterloo,Sports,1451.07,58.0,5.0,5
159,2024-01-05,Store B,Ottawa,Home,2032.16,73.0,3.6,5
160,2024-01-12,Store B,Ottawa,Clothing,2066.6,113.0,3.8,15
161,2025-09-25,Store B,Ottawa,Sports,1504.31,103.0,3.8,0
162,2025-02-09,Store B,Ottawa,Food,1830.22,90.0,4.5,5
163,2024-09-05,Store H,Windsor,Sports,1532.63,,4.5,5
164,2025-02-03,Store D,London,Electronics,1524.01,91.0,5.0,10
165,2024-11-25,Store A,Toronto,Food,2523.7,119.0,4.4,15
166,2024-03-05,Store F,Mississauga,Clothing,2487.77,103.0,3.8,20
167,2024-02-07,Store B,Ottawa,Home,2175.61,88.0,4.1,5
168,2025-02-11,Store E,Kingston,Books,353.85,24.0,3.0,5
169,2024-12-04,Store E,Kingston,Food,1743.73,105.0,4.0,15
170,2025-05-22,Store H,Windsor,Books,1465.43,71.0,3.6,0
171,2025-11-20,Store C,Hamilton,Food,2423.31,108.0,4.3,5
172,2025-12-12,Store G,Waterloo,Food,2534.68,88.0,3.8,5
173,2023-07-19,Store A,Toronto,Home,2084.1,90.0,4.3,0
174,2023-08-10,Store E,Kingston,Sports,1362.53,97.0,5.0,20
175,2023-05-25,Store H,Windsor,Electronics,1383.55,64.0,5.0,15
176,2025-11-07,Store D,London,Home,2829.7,74.0,4.4,0
177,2025-10-12,Store G,Waterloo,,1718.72,75.0,4.2,0
178,2024-11-11,Store E,Kingston,Home,1424.67,113.0,,0
179,2023-10-20,Store H,Windsor,Sports,1603.98,66.0,,10
180,2025-02-12,Store H,Windsor,Electronics,1542.25,77.0,3.9,5
181,2025-02-03,Store D,London,Electronics,312.41,55.0,3.8,10
182,2023-08-20,Store F,Mississauga,Books,1853.58,116.0,,0
183,2024-11-21,Store G,Waterloo,Electronics,1506.03,111.0,4.6,10
184,2023-07-23,Store C,Hamilton,,1942.41,110.0,3.6,25
185,2023-10-05,Store F,Mississauga,Books,,101.0,4.7,25
186,2023-12-17,Store G,Waterloo,Home,2473.52,146.0,4.9,25
187,2025-10-26,Store D,London,Sports,620.35,78.0,3.8,5
188,2024-03-31,Store H,Windsor,Home,1592.95,76.0,4.0,25
189,2024-09-16,Store E,Kingston,Clothing,1081.22,63.0,3.8,15
190,2024-08-14,Store F,Mississauga,Books,1948.53,133.0,4.0,20
191,2025-07-29,Store F,Mississauga,Clothing,2229.97,120.0,3.5,5
192,2024-04-08,Store A,Toronto,Electronics,1036.85,81.0,4.3,20
193,2025-04-04,Store F,Mississauga,Electronics,2343.91,130.0,3.9,25
194,2023-05-18,Store A,Toronto,,1585.79,94.0,3.8,10
195,2024-07-08,Store A,Toronto,Books,1585.18,137.0,4.4,10
196,2024-05-05,Store B,Ottawa,,1853.3,75.0,4.5,5
197,2025-11-28,Store H,Windsor,Clothing,2530.8,116.0,3.5,10
198,2024-10-10,Store E,Kingston,Home,1395.93,54.0,,0
199,2023-01-26,Store A,Toronto,Home,962.15,,3.7,20
200,2023-12-05,Store C,Hamilton,Sports,1612.86,77.0,4.5,10
201,2023-02-11,Store B,Ottawa,Clothing,1555.35,57.0,4.0,10
202,2025-01-18,Store E,Kingston,Food,1588.34,75.0,3.6,15
203,2024-08-23,Store B,Ottawa,Food,1284.2,69.0,3.9,20
204,2024-09-14,Store B,Ottawa,Clothing,1275.4,102.0,3.1,5
205,2023-01-07,Store G,Waterloo,Books,2287.7,77.0,3.8,0
206,2023-02-06,Store E,Kingston,Electronics,861.71,29.0,3.7,10
207,2024-06-23,Store G,Waterloo,Food,1417.81,55.0,4.7,10
208,2025-03-24,Store D,London,Sports,1786.46,66.0,4.2,15
209,2025-05-08,Store D,London,Food,2737.91,61.0,4.7,15
210,2024-08-24,Store E,Kingston,Food,1576.22,112.0,3.8,0
211,2024-02-26,Store C,Hamilton,Electronics,1052.39,75.0,4.3,0
212,2023-07-22,Store H,Windsor,Books,1523.37,70.0,4.1,10
213,2025-10-23,Store F,Mississauga,Electronics,1165.77,132.0,3.7,0
214,2024-11-09,Store A,Toronto,Sports,1971.54,175.0,3.1,25
215,2024-07-20,Store A,Toronto,Clothing,2020.26,84.0,4.0,10
216,2025-09-26,Store C,Hamilton,Sports,1265.88,61.0,4.0,5
217,2025-07-24,Store H,Windsor,Books,1676.26,91.0,3.3,15
218,2025-05-17,Store C,Hamilton,Clothing,1281.12,90.0,4.1,25
219,2025-12-07,Store G,Waterloo,Food,2239.02,67.0,4.1,5
220,2025-01-02,Store G,Waterloo,Clothing,1162.5,88.0,3.9,5
221,2023-02-08,Store B,Ottawa,,561.63,79.0,3.9,0
222,2023-10-31,Store F,Mississauga,Books,17169.44,72.0,3.5,10
223,2024-09-17,Store E,Kingston,Electronics,1140.02,85.0,3.9,0
224,2025-10-08,Store D,London,Home,2732.76,99.0,3.4,10
225,2024-10-22,Store F,Mississauga,Books,1794.98,81.0,4.5,20
226,2025-01-06,Store H,Windsor,Sports,1123.72,64.0,3.9,0
227,2024-09-29,Store G,Waterloo,Sports,2209.15,121.0,5.0,5
228,2025-01-05,Store D,London,Home,1216.0,66.0,,20
229,2025-05-08,Store A,Toronto,Books,1578.05,82.0,4.5,25
230,2025-11-12,Store C,Hamilton,Electronics,2417.83,112.0,4.3,10
231,2023-11-22,Store F,Mississauga,Sports,1676.4,83.0,4.2,0
232,2025-06-22,Store H,Windsor,Books,1619.23,136.0,3.7,15
233,2025-05-08,Store E,Kingston,Books,903.6,48.0,,0
234,2024-09-20,Store D,London,Sports,2154.5,57.0,4.9,10
235,2025-07-15,Store C,Hamilton,Food,1570.89,99.0,,10
236,2024-08-03,Store C,Hamilton,Sports,2191.73,114.0,4.5,15
237,2023-12-12,Store B,Ottawa,Books,2654.52,76.0,4.0,5
238,2025-04-06,Store C,Hamilton,Sports,522.27,60.0,3.9,5
239,2025-08-28,Store D,London,Electronics,1833.49,74.0,3.9,5
240,2023-05-26,Store A,Toronto,Clothing,1199.55,90.0,,20
241,2024-06-03,Store B,Ottawa,Clothing,650.16,80.0,4.0,10
242,2024-08-25,Store H,Windsor,,5055.16,76.0,3.6,25
243,2025-11-14,Store C,Hamilton,Books,2137.44,157.0,3.8,15
244,2023-03-19,Store F,Mississauga,Electronics,1621.4,,4.0,0
245,2023-08-14,Store D,London,,1317.17,107.0,4.2,5
246,2024-05-18,Store E,Kingston,Food,1694.11,62.0,,15
247,2023-10-15,Store H,Windsor,Food,1860.45,98.0,4.2,20
248,2025-11-20,Store D,London,Sports,2137.59,128.0,4.3,5
249,2025-04-22,Store G,Waterloo,Books,2280.91,127.0,4.4,0
250,2025-06-10,Store F,Mississauga,Books,2046.56,,4.4,0
251,2025-09-30,Store A,Toronto,Clothing,1235.49,81.0,4.9,0
252,2023-06-11,Store F,Mississauga,Clothing,1838.49,118.0,3.6,15
253,2025-07-04,Store B,Ottawa,Books,2498.63,79.0,4.3,15
254,2025-03-31,Store C,Hamilton,Sports,,106.0,3.0,0
255,2024-05-06,Store C,Hamilton,Sports,2000.45,80.0,3.9,0
256,2025-08-28,Store C,Hamilton,Food,1496.01,81.0,4.3,5
257,2024-11-12,Store G,Waterloo,Home,1745.74,45.0,4.1,10
258,2023-05-23,Store E,Kingston,Clothing,5349.0599999999995,75.0,5.0,0
259,2025-05-21,Store F,Mississauga,Sports,665.31,118.0,4.2,0
260,2024-08-07,Store B,Ottawa,Books,1446.03,126.0,3.7,0
261,2023-10-09,Store F,Mississauga,Sports,2593.01,90.0,4.7,0
262,2024-09-14,Store F,Mississauga,Clothing,2860.99,79.0,3.9,0
263,2024-05-22,Store E,Kingston,Sports,1512.13,117.0,4.9,10
264,2025-07-09,Store G,Waterloo,Electronics,,100.0,3.9,10
265,2023-10-10,Store B,Ottawa,Clothing,1385.99,96.0,4.0,5
266,2024-04-08,Store G,Waterloo,Home,1575.51,99.0,4.5,25
267,2023-08-30,Store A,Toronto,Books,2200.91,119.0,4.2,20
268,2024-05-10,Store E,Kingston,Food,406.35,111.0,3.4,5
269,2024-11-01,Store D,London,Sports,,110.0,3.1,15
270,2023-01-30,Store F,Mississauga,Sports,1978.87,45.0,4.4,10
271,2025-03-26,Store F,Mississauga,Sports,1777.88,135.0,4.4,10
272,2024-05-29,Store F,Mississauga,Home,1196.02,84.0,3.7,10
273,2025-07-09,Store B,Ottawa,Food,2184.58,92.0,4.0,15
274,2024-02-25,Store D,London,Home,1643.71,119.0,4.1,5
275,2024-01-28,Store D,London,Clothing,1566.54,89.0,,15
276,2023-10-06,Store B,Ottawa,Electronics,1727.82,90.0,3.9,0
277,2024-09-24,Store G,Waterloo,Books,1619.18,,4.5,10
278,2024-09-14,Store D,London,Electronics,1763.29,46.0,4.3,10
279,2023-07-26,Store B,Ottawa,Food,2978.67,49.0,3.2,5
280,2025-09-28,Store A,Toronto,Home,1660.55,39.0,4.3,10
281,2025-02-19,Store F,Mississauga,Books,1885.51,111.0,3.6,0
282,2024-12-20,Store A,Toronto,Home,3397.54,147.0,,10
283,2025-01-02,Store C,Hamilton,Clothing,1448.97,28.0,3.9,0
284,2023-09-14,Store E,Kingston,Clothing,2216.56,58.0,,5
285,2025-02-07,Store C,Hamilton,Electronics,1452.47,35.0,3.0,20
286,2024-01-06,Store G,Waterloo,Clothing,1891.35,103.0,3.5,5
287,2023-10-27,Store H,Windsor,Clothing,940.03,77.0,4.2,5
288,2025-05-12,Store B,Ottawa,Sports,1349.47,57.0,4.2,10
289,2025-02-08,Store A,Toronto,Electronics,,57.0,4.9,0
290,2025-09-05,Store B,Ottawa,Food,1817.44,95.0,4.3,10
291,2024-01-11,Store C,Hamilton,Books,1692.24,84.0,4.5,10
292,2023-09-01,Store D,London,Books,1027.7,98.0,4.2,15
293,2024-02-29,Store A,Toronto,Electronics,1537.55,108.0,3.7,20
294,2024-03-10,Store C,Hamilton,Food,,104.0,3.8,0
295,2023-01-10,Store D,London,Sports,1783.94,78.0,4.1,25
296,2025-06-30,Store A,Toronto,Electronics,2339.23,169.0,,10
297,2024-07-25,Store A,Toronto,Clothing,2276.23,146.0,3.8,10
298,2025-05-24,Store A,Toronto,Food,3091.09,125.0,3.4,5
299,2025-03-18,Store F,Mississauga,Home,1718.85,129.0,4.7,25
300,2024-10-02,Store C,Hamilton,Food,1692.99,104.0,4.4,10
301,2023-04-30,Store B,Ottawa,,780.76,122.0,3.7,0
302,2023-08-11,Store H,Windsor,Electronics,877.24,89.0,4.0,25
303,2025-12-07,Store G,Waterloo,Sports,1961.55,149.0,3.4,20
304,2024-09-12,Store C,Hamilton,Sports,1568.44,10.0,4.3,15
305,2025-07-15,Store D,London,Electronics,1166.89,82.0,3.9,20
306,2025-09-20,Store C,Hamilton,Home,1890.28,92.0,3.8,0
307,2023-01-28,Store H,Windsor,Books,1089.03,107.0,4.7,0
308,2025-06-01,Store C,Hamilton,Books,1254.64,72.0,4.8,10
309,2025-11-18,Store B,Ottawa,Home,974.22,106.0,4.3,10
310,2024-03-26,Store H,Windsor,Electronics,1266.64,77.0,4.3,0
311,2024-11-11,Store G,Waterloo,Sports,2563.78,46.0,3.8,0
312,2024-06-11,Store C,Hamilton,Clothing,2303.57,79.0,4.2,15
313,2025-09-24,Store A,Toronto,Sports,1510.2,78.0,3.7,10
314,2024-10-30,Store C,Hamilton,Sports,1904.84,82.0,4.0,5
315,2025-02-01,Store C,Hamilton,Sports,881.26,71.0,3.8,25
316,2024-07-02,Store B,Ottawa,Electronics,1852.65,72.0,3.5,10
317,2025-04-25,Store F,Mississauga,Food,1199.78,,4.1,0
318,2024-06-29,Store B,Ottawa,Clothing,,49.0,3.9,5
319,2025-03-05,Store F,Mississauga,Home,1230.73,81.0,3.7,5
320,2025-08-28,Store E,Kingston,,1023.84,96.0,3.1,0
321,2023-02-27,Store D,London,Books,817.06,,4.0,5
322,2024-01-30,Store A,Toronto,Books,1006.48,118.0,,15
323,2025-05-01,Store E,Kingston,Home,1410.97,75.0,4.2,25
324,2023-12-31,Store G,Waterloo,Food,2568.76,76.0,,5
325,2025-07-25,Store E,Kingston,Sports,1696.22,125.0,,20
326,2023-01-20,Store E,Kingston,Clothing,2141.53,12.0,4.2,5
327,2025-04-24,Store H,Windsor,Food,1314.35,112.0,4.6,10
328,2024-10-16,Store H,Windsor,Books,1037.03,66.0,4.2,10
329,2023-12-08,Store H,Windsor,Clothing,1869.53,,4.1,10
330,2025-11-09,Store C,Hamilton,Sports,1351.49,100.0,3.9,5
331,2025-01-03,Store H,Windsor,Electronics,1630.74,89.0,4.4,15
332,2024-04-27,Store E,Kingston,Books,1240.95,11.0,4.2,10
333,2023-04-28,Store H,Windsor,Clothing,426.63,21.0,4.2,15
334,2024-07-09,Store A,Toronto,Clothing,2248.14,110.0,4.7,15
335,2024-11-03,Store E,Kingston,Sports,1511.65,111.0,3.9,5
336,2025-06-22,Store E,Kingston,Electronics,1689.75,78.0,3.6,10
337,2023-11-23,Store D,London,Electronics,2637.93,112.0,4.1,10
338,2024-02-03,Store B,Ottawa,Books,1461.07,63.0,3.6,20
339,2025-11-08,Store E,Kingston,Electronics,1396.02,55.0,3.7,10
340,2024-01-12,Store A,Toronto,Food,1519.83,93.0,4.2,15
341,2023-01-07,Store C,Hamilton,Books,1067.1,57.0,3.5,5
342,2024-02-17,Store F,Mississauga,Electronics,1989.14,,,5
343,2025-01-24,Store F,Mississauga,Home,2571.13,87.0,4.2,0
344,2024-05-08,Store G,Waterloo,Sports,1669.2,101.0,4.2,10
345,2025-10-01,Store H,Windsor,Electronics,1150.46,23.0,4.6,20
346,2023-09-24,Store G,Waterloo,,1718.26,121.0,4.4,5
347,2024-06-04,Store H,Windsor,Electronics,2055.04,68.0,4.0,25
348,2023-01-23,Store C,Hamilton,Electronics,1296.19,62.0,4.0,5
349,2023-01-05,Store G,Waterloo,Electronics,1873.55,76.0,4.4,0
350,2024-03-01,Store C,Hamilton,Books,1573.86,71.0,3.3,25
351,2025-02-22,Store A,Toronto,Books,2050.08,141.0,4.4,5
352,2025-01-03,Store D,London,Sports,2286.76,83.0,4.6,10
353,2025-01-25,Store G,Waterloo,Clothing,1360.55,58.0,4.0,0
354,2024-08-05,Store D,London,Books,1331.11,78.0,4.2,20
355,2025-05-07,Store F,Mississauga,,1665.31,131.0,3.6,25
356,2024-12-11,Store F,Mississauga,Books,2483.24,167.0,3.7,15
357,2025-07-09,Store B,Ottawa,Clothing,2164.01,97.0,3.8,5
358,2024-01-25,Store C,Hamilton,Home,1776.65,59.0,3.5,0
359,2023-12-23,Store B,Ottawa,Home,1671.53,86.0,4.4,15
360,2025-10-10,Store D,London,Home,1222.38,97.0,4.3,15
361,2023-07-24,Store F,Mississauga,Clothing,1531.17,132.0,4.0,0
362,2024-08-17,Store D,London,Home,,104.0,3.5,10
363,2025-04-03,Store E,Kingston,Books,445.18,112.0,,25
364,2023-12-02,Store H,Windsor,Home,1348.58,112.0,,5
365,2025-04-13,Store H,Windsor,Food,921.38,73.0,4.3,5
366,2024-03-29,Store D,London,Sports,1449.72,50.0,4.7,0
367,2025-05-10,Store C,Hamilton,Home,1116.03,56.0,3.8,0
368,2024-03-06,Store G,Waterloo,Sports,1311.87,91.0,4.3,10
369,2023-12-29,Store D,London,Books,2119.89,134.0,4.4,5
370,2023-05-24,Store B,Ottawa,Electronics,919.64,97.0,4.3,15
371,2023-09-22,Store F,Mississauga,Electronics,2392.88,66.0,4.5,15
372,2024-04-27,Store G,Waterloo,,1378.73,77.0,4.3,10
373,2023-07-18,Store E,Kingston,Food,1562.23,74.0,4.6,5
374,2025-10-16,Store F,Mississauga,Electronics,2631.39,90.0,4.9,10
375,2023-12-09,Store G,Waterloo,Sports,1990.56,135.0,3.8,15
376,2024-10-05,Store E,Kingston,Food,1883.11,49.0,3.7,5
377,2023-12-02,Store E,Kingston,Home,1277.76,,3.8,5
378,2024-04-01,Store B,Ottawa,Home,1735.52,49.0,3.5,5
379,2023-12-29,Store B,Ottawa,Food,1591.55,67.0,4.5,0
380,2025-03-15,Store D,London,Clothing,1849.41,72.0,4.2,10
381,2023-01-23,Store C,Hamilton,Food,1345.27,85.0,4.5,20
382,2025-03-09,Store E,Kingston,Clothing,1871.6,49.0,3.8,10
383,2024-11-19,Store H,Windsor,Electronics,1571.07,91.0,4.7,0
384,2023-08-13,Store A,Toronto,Food,2438.78,142.0,4.0,25
385,2025-04-25,Store D,London,Clothing,1176.64,147.0,3.8,15
386,2024-02-20,Store A,Toronto,Sports,2143.11,142.0,3.9,0
387,2025-10-10,Store F,Mississauga,Books,1072.95,139.0,3.9,25
388,2023-10-28,Store H,Windsor,Home,1467.7,85.0,4.3,0
389,2024-12-26,Store G,Waterloo,Sports,776.36,92.0,4.8,20
390,2024-08-03,Store A,Toronto,Home,2652.16,120.0,3.9,0
391,2024-11-23,Store D,London,Home,2175.38,120.0,3.6,5
392,2024-01-30,Store G,Waterloo,,1754.76,94.0,4.1,5
393,2024-02-08,Store A,Toronto,Food,393.02,101.0,4.4,20
394,2025-03-22,Store E,Kingston,,1663.25,102.0,4.0,10
395,2024-09-13,Store B,Ottawa,Electronics,2571.65,73.0,4.3,0
396,2025-11-09,Store A,Toronto,Electronics,2119.63,83.0,3.2,10
397,2024-01-22,Store D,London,Clothing,1543.84,73.0,4.9,10
398,2025-01-19,Store G,Waterloo,Electronics,1024.05,99.0,3.9,10
399,2024-04-01,Store H,Windsor,Clothing,1547.88,85.0,3.7,0
400,2025-05-17,Store H,Windsor,Electronics,1390.34,87.0,4.0,10
401,2025-07-19,Store F,Mississauga,Electronics,1216.93,120.0,4.3,15
402,2024-09-18,Store G,Waterloo,Sports,1646.59,100.0,3.7,20
403,2025-02-25,Store F,Mississauga,Sports,1749.2,60.0,4.1,0
404,2024-06-02,Store B,Ottawa,Food,2232.49,140.0,4.8,10
405,2024-08-12,Store B,Ottawa,Electronics,1248.96,94.0,3.9,20
406,2025-07-07,Store G,Waterloo,Food,1618.26,65.0,4.6,10
407,2023-02-12,Store D,London,Books,1829.17,96.0,3.7,5
408,2025-11-10,Store E,Kingston,Books,1339.42,64.0,3.9,10
409,2024-02-09,Store C,Hamilton,Home,,93.0,5.0,10
410,2023-06-18,Store C,Hamilton,Clothing,1592.3,111.0,4.2,20
411,2024-09-24,Store C,Hamilton,Sports,920.99,36.0,4.3,5
412,2023-11-19,Store H,Windsor,Home,1361.65,101.0,4.1,20
413,2025-02-13,Store A,Toronto,Food,1615.03,77.0,4.1,10
414,2023-05-17,Store E,Kingston,Electronics,1802.96,59.0,4.3,15
415,2023-05-05,Store E,Kingston,Clothing,1139.66,75.0,5.0,15
416,2023-06-20,Store B,Ottawa,Home,2179.37,106.0,,0
417,2023-05-27,Store D,London,Food,,66.0,4.4,10
418,2025-11-29,Store F,Mississauga,Home,2163.31,93.0,3.4,0
419,2023-10-28,Store G,Waterloo,Home,917.25,91.0,4.3,10
420,2023-05-29,Store E,Kingston,Food,,69.0,3.8,20
421,2024-01-28,Store E,Kingston,Home,1322.54,42.0,4.2,0
422,2023-04-11,Store E,Kingston,Sports,1028.37,47.0,3.9,15
423,2023-04-07,Store H,Windsor,Home,1168.97,42.0,4.0,10
424,2023-03-19,Store D,London,,,109.0,3.3,15
425,2023-10-07,Store A,Toronto,Clothing,1101.22,39.0,4.9,10
426,2024-07-31,Store F,Mississauga,Food,2359.62,81.0,4.0,20
427,2024-07-02,Store E,Kingston,Food,1791.81,56.0,3.6,20
428,2024-06-05,Store C,Hamilton,Home,1293.59,78.0,4.5,10
429,2023-07-15,Store C,Hamilton,Food,1024.93,82.0,4.3,0
430,2023-08-27,Store E,Kingston,Electronics,1261.75,88.0,3.5,15
431,2025-04-30,Store B,Ottawa,Food,1168.31,84.0,3.6,0
432,2025-08-28,Store D,London,Books,,,,5
433,2025-07-20,Store A,Toronto,Home,1816.61,110.0,5.0,25
434,2025-10-12,Store E,Kingston,Home,999.34,74.0,4.3,0
435,2024-08-07,Store A,Toronto,Electronics,867.86,118.0,4.2,15
436,2024-09-13,Store C,Hamilton,Food,1687.42,100.0,4.1,10
437,2024-03-31,Store A,Toronto,Books,2266.89,83.0,4.3,10
438,2023-07-15,Store D,London,Electronics,2180.47,71.0,3.5,0
439,2025-06-08,Store E,Kingston,Books,1353.52,75.0,4.1,10
440,2025-06-03,Store E,Kingston,Clothing,2414.14,123.0,3.9,10
441,2025-09-21,Store G,Waterloo,Books,1000.59,79.0,4.3,25
442,2025-06-04,Store F,Mississauga,Electronics,2193.95,126.0,4.1,20
443,2025-11-22,Store B,Ottawa,Sports,1476.22,117.0,4.5,0
444,2023-07-02,Store D,London,Food,2176.22,96.0,3.7,20
445,2025-01-11,Store B,Ottawa,Electronics,998.75,94.0,,20
446,2025-09-09,Store G,Waterloo,Electronics,1156.01,79.0,,0
447,2025-05-05,Store F,Mississauga,Food,902.31,59.0,4.5,5
448,2024-01-31,Store H,Windsor,Food,1148.79,96.0,3.5,15
449,2025-05-16,Store D,London,Sports,1450.61,42.0,4.5,0
450,2024-04-15,Store B,Ottawa,Clothing,1520.8,76.0,4.2,10
451,2025-05-06,Store F,Mississauga,Clothing,2627.9,104.0,3.7,10
452,2024-04-08,Store G,Waterloo,Electronics,,69.0,4.3,20
453,2025-01-12,Store F,Mississauga,Electronics,2157.04,93.0,4.0,10
454,2025-01-10,Store G,Waterloo,Home,1578.15,36.0,3.6,10
455,2025-04-08,Store A,Toronto,Home,1003.77,49.0,,15
456,2025-01-28,Store H,Windsor,Food,,25.0,4.3,10
457,2023-08-09,Store E,Kingston,Sports,1133.26,44.0,,15
458,2025-11-04,Store G,Waterloo,Clothing,1567.88,107.0,4.2,20
459,2023-01-17,Store F,Mississauga,Food,2296.94,77.0,3.7,5
460,2025-12-02,Store D,London,,2469.25,112.0,,25
461,2023-03-12,Store A,Toronto,Electronics,2585.12,53.0,4.6,0
462,2024-08-06,Store A,Toronto,Clothing,2509.35,134.0,4.0,15
463,2023-12-30,Store G,Waterloo,Electronics,2195.68,79.0,4.7,5
464,2023-04-29,Store C,Hamilton,Electronics,1502.8,73.0,,0
465,2023-06-23,Store G,Waterloo,,,82.0,4.0,10
466,2024-09-04,Store C,Hamilton,Electronics,1947.49,56.0,3.5,0
467,2025-12-29,Store C,Hamilton,Electronics,2064.15,87.0,3.5,0
468,2025-10-10,Store C,Hamilton,Clothing,1222.0,44.0,,25
469,2023-01-05,Store E,Kingston,Electronics,1703.34,89.0,3.7,5
470,2025-12-27,Store G,Waterloo,Sports,1365.64,91.0,3.4,10
471,2024-09-08,Store F,Mississauga,Books,1421.64,107.0,4.3,10
472,2023-10-24,Store B,Ottawa,Food,1546.22,69.0,3.8,5
473,2024-04-12,Store D,London,Home,1570.03,98.0,4.0,10
474,2024-05-27,Store D,London,Books,1182.33,67.0,,5
475,2023-06-04,Store H,Windsor,Books,1684.03,95.0,,0
476,2024-03-26,Store B,Ottawa,,1205.37,50.0,,25
477,2025-06-08,Store B,Ottawa,Clothing,,126.0,4.1,15
478,2025-01-22,Store G,Waterloo,Home,1337.95,76.0,5.0,10
479,2023-05-19,Store A,Toronto,Electronics,1415.41,60.0,3.2,10
480,2024-05-04,Store A,Toronto,Electronics,2237.11,116.0,3.9,15
481,2025-11-21,Store F,Mississauga,Books,2283.1,124.0,4.4,15
482,2024-11-07,Store E,Kingston,Sports,992.2,52.0,4.5,0
483,2024-05-13,Store A,Toronto,,2067.66,125.0,3.9,5
484,2025-12-13,Store A,Toronto,Clothing,1963.32,70.0,4.3,0
485,2023-03-02,Store C,Hamilton,Food,1252.76,62.0,3.8,15
486,2024-09-06,Store B,Ottawa,Sports,1031.87,89.0,3.8,10
487,2024-09-23,Store C,Hamilton,Food,2093.05,35.0,3.3,15
488,2024-12-10,Store F,Mississauga,Sports,2880.89,111.0,4.1,5
489,2025-02-20,Store B,Ottawa,,1604.42,77.0,,0
490,2025-07-06,Store H,Windsor,Electronics,1907.8,93.0,4.2,15
491,2024-05-07,Store D,London,Sports,1677.94,76.0,4.6,15
492,2023-07-15,Store E,Kingston,Food,1233.34,90.0,4.5,0
493,2024-11-03,Store C,Hamilton,,2233.47,116.0,4.6,10
494,2023-07-15,Store H,Windsor,,1555.68,87.0,3.6,10
495,2025-12-13,Store G,Waterloo,Electronics,2484.72,92.0,3.3,15
496,2023-07-06,Store D,London,Food,1610.77,65.0,5.0,10
497,2023-04-17,Store G,Waterloo,Clothing,1704.34,80.0,3.5,0
498,2023-06-08,Store A,Toronto,Electronics,1760.04,125.0,4.2,25
499,2023-02-17,Store D,London,Clothing,2274.39,48.0,3.4,15
500,2025-03-17,Store H,Windsor,Clothing,1240.1,25.0,4.7,15
501,2025-04-11,Store F,Mississauga,Clothing,1662.43,84.0,4.2,25
502,2023-01-14,Store C,Hamilton,Books,1003.83,80.0,,5
503,2023-10-14,Store H,Windsor,Clothing,1336.97,5.0,3.9,25
504,2025-11-12,Store F,Mississauga,Clothing,2489.26,133.0,4.0,15
505,2025-07-18,Store C,Hamilton,Electronics,,108.0,3.6,10
506,2024-03-10,Store E,Kingston,Home,1888.05,51.0,4.5,10
507,2023-01-21,Store D,London,Clothing,1471.82,55.0,4.0,15
508,2024-08-15,Store A,Toronto,Electronics,1105.25,87.0,3.9,20
509,2024-06-05,Store B,Ottawa,Food,1007.48,,4.7,5
510,2023-03-29,Store G,Waterloo,Electronics,573.92,122.0,4.2,10
511,2025-11-22,Store F,Mississauga,Books,2976.92,137.0,3.6,25
512,2023-11-20,Store D,London,Sports,2145.54,109.0,4.2,15
513,2024-05-26,Store C,Hamilton,Food,1592.62,98.0,4.2,15
514,2025-01-17,Store E,Kingston,Clothing,1315.79,64.0,3.8,0
515,2024-05-03,Store B,Ottawa,Home,1470.82,74.0,3.9,5
516,2023-01-02,Store A,Toronto,Clothing,1800.67,81.0,3.5,0
517,2024-08-15,Store E,Kingston,Books,722.03,91.0,,0
518,2025-02-21,Store B,Ottawa,Home,1018.76,102.0,4.2,20
519,2025-08-15,Store A,Toronto,Books,1876.58,138.0,,10
520,2024-07-15,Store C,Hamilton,Home,1715.43,57.0,4.5,15
521,2023-05-12,Store E,Kingston,Home,1333.31,106.0,4.3,25
522,2024-02-02,Store B,Ottawa,Home,1473.22,98.0,3.9,25
523,2024-10-09,Store B,Ottawa,Home,2516.47,112.0,4.4,5
524,2023-08-17,Store F,Mississauga,Home,2377.35,111.0,4.3,10
525,2024-03-23,Store E,Kingston,Clothing,366.3,100.0,3.5,15
526,2023-12-18,Store G,Waterloo,Clothing,2150.86,117.0,4.3,20
527,2023-09-20,Store B,Ottawa,Sports,659.46,66.0,4.8,10
528,2023-01-26,Store H,Windsor,Sports,1037.86,124.0,3.9,0
529,2025-12-24,Store B,Ottawa,Home,2040.48,88.0,3.7,10
530,2023-06-06,Store A,Toronto,Food,1801.12,80.0,,15
531,2024-03-21,Store F,Mississauga,Books,1688.61,123.0,4.2,25
532,2024-08-08,Store A,Toronto,Books,2068.41,142.0,4.8,5
533,2024-03-24,Store G,Waterloo,Food,1213.3,57.0,4.9,15
534,2025-11-02,Store A,Toronto,Books,,139.0,,0
535,2024-11-28,Store B,Ottawa,,2084.37,82.0,4.0,5
536,2024-03-30,Store B,Ottawa,Electronics,1747.48,67.0,,25
537,2023-06-02,Store G,Waterloo,Home,819.19,132.0,4.5,15
538,2025-08-01,Store H,Windsor,Home,1072.63,111.0,3.7,10
539,2025-11-19,Store C,Hamilton,Food,1842.11,128.0,,5
540,2024-04-02,Store H,Windsor,,1323.43,92.0,4.3,5
541,2023-01-25,Store G,Waterloo,Sports,,95.0,3.6,20
542,2025-09-25,Store A,Toronto,Sports,1633.31,109.0,3.8,10
543,2025-06-30,Store G,Waterloo,Electronics,1408.82,51.0,4.2,10
544,2023-06-13,Store F,Mississauga,Sports,2049.26,,3.8,10
545,2025-11-08,Store D,London,Food,2687.36,,3.9,20
546,2024-06-23,Store E,Kingston,Clothing,1431.16,76.0,3.9,0
547,2024-03-19,Store G,Waterloo,Clothing,1400.24,105.0,4.0,15
548,2024-10-22,Store E,Kingston,Electronics,587.94,51.0,4.4,10
549,2025-04-08,Store E,Kingston,Books,772.5,73.0,3.8,20
550,2023-12-18,Store H,Windsor,Books,1264.14,136.0,3.8,25
551,2023-05-09,Store B,Ottawa,Sports,,111.0,5.0,20
552,2025-04-15,Store F,Mississauga,Food,2350.4,76.0,3.5,25
553,2023-05-20,Store E,Kingston,Clothing,1279.92,24.0,5.0,0
554,2024-04-23,Store C,Hamilton,Home,1407.66,41.0,3.3,0
555,2023-07-05,Store E,Kingston,Food,1547.2,82.0,3.9,15
556,2023-06-24,Store A,Toronto,Sports,1886.98,106.0,4.2,0
557,2023-01-18,Store D,London,Home,1576.73,131.0,4.2,0
558,2025-08-01,Store E,Kingston,Food,1331.75,51.0,3.9,5
559,2024-10-04,Store C,Hamilton,Electronics,844.07,51.0,3.9,20
560,2023-01-09,Store G,Waterloo,Home,2088.24,109.0,4.0,10
561,2025-06-04,Store H,Windsor,Home,2081.28,58.0,4.1,10
562,2024-01-16,Store E,Kingston,Electronics,1071.23,92.0,3.8,5
563,2023-12-07,Store C,Hamilton,Home,616.73,119.0,3.5,0
564,2023-08-25,Store A,Toronto,Clothing,2233.33,67.0,,5
565,2024-09-14,Store D,London,Electronics,1253.82,50.0,3.4,0
566,2023-10-17,Store C,Hamilton,Clothing,1156.14,58.0,4.5,20
567,2025-05-13,Store F,Mississauga,Clothing,,88.0,,25
568,2023-04-15,Store C,Hamilton,Electronics,1023.0,41.0,,15
569,2025-12-04,Store B,Ottawa,Books,1838.75,137.0,4.2,5
570,2025-09-24,Store F,Mississauga,Home,2349.93,100.0,,0
571,2025-09-11,Store A,Toronto,Clothing,2136.71,159.0,4.0,15
572,2024-07-30,Store C,Hamilton,Electronics,1487.81,72.0,4.3,5
573,2025-09-07,Store D,London,Books,1419.66,61.0,3.4,10
574,2024-01-09,Store F,Mississauga,Sports,1160.47,77.0,3.4,10
575,2025-10-27,Store E,Kingston,Books,1224.54,75.0,4.0,25
576,2024-11-14,Store G,Waterloo,Sports,2436.37,126.0,4.9,15
577,2023-03-12,Store B,Ottawa,Food,2284.69,98.0,4.1,0
578,2025-03-29,Store E,Kingston,Books,1150.36,28.0,3.9,5
579,2023-07-23,Store A,Toronto,Sports,1864.72,111.0,4.5,0
580,2025-11-17,Store F,Mississauga,Food,,109.0,4.1,15
581,2023-09-12,Store C,Hamilton,Food,1515.01,53.0,3.7,15
582,2023-09-12,Store A,Toronto,Books,1364.55,52.0,3.6,5
583,2023-06-08,Store G,Waterloo,Food,1114.49,69.0,4.5,0
584,2023-01-06,Store E,Kingston,Electronics,1569.93,62.0,4.4,0
585,2023-02-16,Store A,Toronto,Clothing,2326.74,123.0,4.8,0
586,2023-07-19,Store A,Toronto,Electronics,1688.83,96.0,3.5,20
587,2024-08-07,Store H,Windsor,Clothing,1250.52,52.0,4.5,10
588,2024-08-26,Store H,Windsor,Clothing,1856.46,116.0,4.5,10
589,2025-02-22,Store G,Waterloo,Electronics,,102.0,4.2,25
590,2025-12-02,Store E,Kingston,Food,1417.54,127.0,3.9,0
591,2023-10-01,Store E,Kingston,Electronics,872.42,108.0,3.7,0
592,2025-07-03,Store E,Kingston,Sports,581.51,81.0,3.9,0
593,2023-02-06,Store A,Toronto,Home,1685.0,88.0,4.0,20
594,2024-03-19,Store E,Kingston,Clothing,1832.4,23.0,,0
595,2024-02-03,Store H,Windsor,Food,2191.69,102.0,4.6,15
596,2023-08-14,Store B,Ottawa,Clothing,1372.63,99.0,4.3,5
597,2024-08-24,Store C,Hamilton,Clothing,1223.45,126.0,3.7,0
598,2023-06-13,Store A,Toronto,Books,1261.19,69.0,4.4,10
599,2024-04-17,Store A,Toronto,Books,2081.79,120.0,3.6,10
600,2023-11-05,Store A,Toronto,Books,2458.44,135.0,3.9,5
601,2025-01-13,Store A,Toronto,Books,2028.73,89.0,3.8,15
602,2024-02-21,Store F,Mississauga,Books,2072.82,108.0,4.0,10
603,2024-02-12,Store F,Mississauga,Electronics,1942.56,71.0,4.3,20
604,2023-04-02,Store H,Windsor,Home,1387.96,94.0,4.5,20
605,2024-07-29,Store G,Waterloo,Electronics,1558.6,91.0,4.1,15
606,2025-12-09,Store B,Ottawa,Sports,2573.67,101.0,,10
607,2025-12-22,Store F,Mississauga,Clothing,2639.75,,3.4,5
608,2023-06-20,Store H,Windsor,Home,1608.99,80.0,4.1,15
609,2024-08-30,Store A,Toronto,Food,1707.47,95.0,4.5,10
610,2024-03-09,Store B,Ottawa,Books,1369.32,92.0,4.6,5
611,2025-05-01,Store C,Hamilton,Home,1615.44,101.0,4.2,25
612,2025-07-27,Store E,Kingston,Sports,940.2,92.0,3.9,5
613,2023-04-07,Store E,Kingston,Electronics,918.42,67.0,3.6,0
614,2025-08-22,Store D,London,Home,2081.3,136.0,4.8,0
615,2023-01-28,Store D,London,Home,1340.31,77.0,3.9,25
616,2025-11-21,Store H,Windsor,Home,1893.82,80.0,,5
617,2024-02-04,Store H,Windsor,Food,1923.02,107.0,4.1,5
618,2023-02-17,Store D,London,Books,1534.78,75.0,,0
619,2024-09-18,Store B,Ottawa,Home,1384.9,98.0,4.8,0
620,2024-11-28,Store B,Ottawa,Home,1800.62,97.0,4.0,15
621,2025-10-19,Store E,Kingston,Sports,532.62,52.0,4.4,5
622,2025-02-04,Store F,Mississauga,Home,1828.9,53.0,4.7,20
623,2023-05-24,Store G,Waterloo,Books,1418.84,100.0,4.0,10
624,2024-07-13,Store D,London,Sports,1798.45,118.0,4.6,20
625,2024-12-05,Store B,Ottawa,Electronics,1130.72,124.0,4.0,15
626,2025-07-08,Store C,Hamilton,Clothing,1694.32,91.0,3.9,20
627,2025-01-19,Store B,Ottawa,Food,1644.44,52.0,,10
628,2025-11-28,Store H,Windsor,Clothing,1189.53,85.0,4.4,0
629,2025-06-03,Store D,London,Books,1380.38,107.0,4.2,5
630,2024-08-13,Store B,Ottawa,Home,1260.11,75.0,4.5,20
631,2025-11-11,Store A,Toronto,Sports,2339.25,111.0,4.6,25
632,2023-08-27,Store E,Kingston,Clothing,1303.83,48.0,4.2,5
633,2024-10-18,Store B,Ottawa,Clothing,995.47,48.0,4.8,5
634,2025-02-02,Store C,Hamilton,Food,1692.87,72.0,4.1,5
635,2025-11-29,Store A,Toronto,Electronics,2354.78,146.0,4.2,5
636,2023-12-17,Store E,Kingston,Electronics,2211.14,74.0,,10
637,2025-06-15,Store E,Kingston,Home,1665.77,67.0,4.1,10
638,2024-04-17,Store E,Kingston,Food,1078.13,108.0,4.3,20
639,2023-05-21,Store B,Ottawa,Books,1663.5,80.0,4.1,0
640,2023-03-20,Store C,Hamilton,Food,1581.36,152.0,4.6,15
641,2024-04-14,Store A,Toronto,Sports,2119.05,63.0,4.2,15
642,2025-09-19,Store H,Windsor,,1966.61,39.0,,10
643,2025-05-24,Store A,Toronto,Books,2088.11,99.0,3.9,25
644,2023-12-27,Store C,Hamilton,Electronics,1962.81,127.0,4.3,5
645,2024-05-02,Store C,Hamilton,Food,1975.96,72.0,5.0,15
646,2024-03-27,Store H,Windsor,Sports,819.21,51.0,3.8,10
647,2024-10-05,Store B,Ottawa,Home,562.02,81.0,4.2,5
648,2024-06-18,Store E,Kingston,Home,2721.67,61.0,4.9,20
649,2025-08-09,Store F,Mississauga,Home,2180.83,162.0,4.4,20
650,2025-05-31,Store A,Toronto,Home,1372.95,61.0,,10
651,2024-07-02,Store E,Kingston,Electronics,954.03,,4.4,25
652,2024-05-06,Store C,Hamilton,Clothing,2145.55,50.0,3.8,5
653,2025-06-16,Store D,London,Electronics,1168.64,75.0,4.8,5
654,2024-04-14,Store F,Mississauga,Sports,1561.4,116.0,,20
655,2023-08-06,Store A,Toronto,Home,2488.86,100.0,3.7,5
656,2024-07-12,Store H,Windsor,Sports,1782.29,100.0,3.8,0
657,2024-08-26,Store C,Hamilton,Home,742.92,45.0,3.6,25
658,2025-12-07,Store D,London,Sports,2310.8,120.0,4.4,5
659,2023-07-31,Store C,Hamilton,Electronics,2077.68,69.0,3.5,20
660,2025-02-16,Store F,Mississauga,Home,1834.63,96.0,4.3,0
661,2025-03-25,Store E,Kingston,Home,1602.36,77.0,3.5,0
662,2023-08-27,Store C,Hamilton,Home,996.08,11.0,3.7,0
663,2024-09-09,Store C,Hamilton,,822.41,60.0,5.0,25
664,2023-09-03,Store D,London,,417.33,84.0,4.5,20
665,2025-04-17,Store H,Windsor,Clothing,1978.79,59.0,4.9,20
666,2025-09-01,Store C,Hamilton,Food,888.92,76.0,4.5,20
667,2023-08-31,Store C,Hamilton,Food,1342.58,129.0,3.1,15
668,2023-12-08,Store G,Waterloo,Electronics,1907.59,141.0,4.1,5
669,2023-03-28,Store B,Ottawa,Home,1470.52,50.0,4.0,0
670,2025-03-15,Store F,Mississauga,Electronics,2287.03,68.0,3.5,10
671,2023-05-31,Store C,Hamilton,Sports,1581.04,49.0,,10
672,2025-02-23,Store A,Toronto,Books,2014.68,62.0,4.7,15
673,2024-04-19,Store A,Toronto,Home,1904.13,57.0,4.5,20
674,2024-04-28,Store H,Windsor,Home,701.97,56.0,4.6,5
675,2024-03-05,Store G,Waterloo,Clothing,282.07,84.0,3.9,0
676,2023-06-19,Store H,Windsor,Electronics,1383.74,113.0,4.3,0
677,2024-11-19,Store G,Waterloo,Food,1208.29,144.0,4.4,0
678,2023-04-09,Store A,Toronto,Electronics,1550.95,68.0,4.5,0
679,2025-02-22,Store G,Waterloo,Clothing,1343.02,76.0,4.5,10
680,2024-10-18,Store D,London,Electronics,,57.0,3.8,5
681,2025-12-30,Store G,Waterloo,Electronics,2256.86,92.0,3.6,15
682,2024-01-13,Store D,London,Sports,1887.98,103.0,4.5,0
683,2025-01-06,Store C,Hamilton,Books,872.77,65.0,4.7,5
684,2025-12-30,Store A,Toronto,Sports,2510.51,110.0,,15
685,2023-11-27,Store H,Windsor,Electronics,1744.56,79.0,3.7,5
686,2023-01-23,Store E,Kingston,Electronics,1145.21,,3.5,10
687,2023-07-06,Store D,London,Home,2666.7,86.0,4.1,0
688,2024-07-26,Store H,Windsor,Home,1958.26,,4.2,5
689,2024-06-02,Store D,London,Sports,2296.68,115.0,4.6,25
690,2023-04-17,Store A,Toronto,Food,1477.01,77.0,4.7,10
691,2023-02-18,Store E,Kingston,Sports,1019.39,61.0,3.7,15
692,2024-11-14,Store D,London,Home,1515.47,136.0,4.6,0
693,2023-11-07,Store B,Ottawa,Food,,85.0,3.1,15
694,2023-10-04,Store E,Kingston,Sports,1213.42,66.0,4.4,5
695,2023-04-08,Store C,Hamilton,Home,1282.41,96.0,,15
696,2023-01-11,Store E,Kingston,Home,1166.49,39.0,5.0,0
697,2024-05-03,Store D,London,Books,2032.52,24.0,4.4,20
698,2024-08-31,Store D,London,Sports,1937.76,,3.6,25
699,2025-09-27,Store C,Hamilton,Clothing,1222.35,118.0,4.4,5
700,2023-08-12,Store G,Waterloo,Food,,53.0,3.9,0
701,2024-03-12,Store G,Waterloo,Clothing,657.04,88.0,3.7,5
702,2024-09-06,Store D,London,Sports,1565.23,124.0,4.0,20
703,2023-10-26,Store G,Waterloo,Electronics,1317.06,76.0,,15
704,2023-05-30,Store A,Toronto,Books,1528.92,82.0,4.3,20
705,2024-09-16,Store G,Waterloo,Books,1622.26,141.0,3.7,0
706,2025-05-21,Store B,Ottawa,Food,1643.58,35.0,3.8,15
707,2025-02-08,Store D,London,Clothing,1859.98,89.0,,5
708,2023-07-02,Store G,Waterloo,Clothing,1319.18,93.0,5.0,20
709,2024-01-10,Store H,Windsor,Sports,1126.13,51.0,3.9,20
710,2024-03-24,Store B,Ottawa,Clothing,918.07,36.0,4.1,10
711,2024-12-25,Store G,Waterloo,Electronics,2003.13,75.0,4.0,10
712,2024-02-19,Store C,Hamilton,Books,1735.36,,4.4,5
713,2025-06-19,Store F,Mississauga,Home,2178.56,118.0,4.6,20
714,2023-10-06,Store F,Mississauga,Clothing,1781.46,97.0,3.6,20
715,2025-09-23,Store A,Toronto,Home,2175.19,30.0,4.7,5
716,2024-12-27,Store E,Kingston,Sports,2276.55,115.0,4.0,5
717,2024-12-30,Store G,Waterloo,Clothing,2490.42,43.0,,0
718,2024-01-13,Store F,Mississauga,Food,1913.29,122.0,3.6,5
719,2023-11-27,Store D,London,Books,2050.41,105.0,3.9,15
720,2024-09-18,Store E,Kingston,Food,1486.38,86.0,4.7,5
721,2024-11-03,Store E,Kingston,Food,1301.19,71.0,,20
722,2025-05-10,Store A,Toronto,Electronics,1586.05,117.0,4.3,10
723,2024-12-24,Store G,Waterloo,Clothing,,94.0,4.0,5
724,2024-07-31,Store A,Toronto,Home,1613.72,104.0,4.0,15
725,2024-02-24,Store B,Ottawa,Food,885.32,41.0,4.0,0
726,2024-10-08,Store E,Kingston,Sports,1443.18,130.0,4.8,25
727,2025-04-18,Store C,Hamilton,Home,2090.74,62.0,4.3,15
728,2024-12-09,Store D,London,Home,1981.43,137.0,3.5,5
729,2025-07-25,Store C,Hamilton,Electronics,1568.24,116.0,4.9,5
730,2024-02-16,Store B,Ottawa,Food,622.75,,3.8,15
731,2023-12-23,Store F,Mississauga,Food,1937.49,152.0,3.6,0
732,2023-10-22,Store H,Windsor,Books,2058.67,105.0,3.9,15
733,2024-02-13,Store E,Kingston,Books,1921.31,118.0,3.5,15
734,2025-12-29,Store C,Hamilton,Electronics,2035.47,121.0,3.7,0
735,2023-09-14,Store F,Mississauga,Sports,992.78,42.0,3.5,0
736,2024-08-27,Store F,Mississauga,Sports,2295.94,111.0,4.3,5
737,2025-07-31,Store C,Hamilton,Electronics,1657.93,64.0,3.9,0
738,2025-04-02,Store E,Kingston,Books,1742.22,91.0,4.0,15
739,2025-05-22,Store H,Windsor,Home,1157.12,91.0,4.5,0
740,2025-08-14,Store H,Windsor,Home,1321.49,106.0,5.0,0
741,2025-11-13,Store E,Kingston,Electronics,2104.04,72.0,4.2,0
742,2023-04-05,Store H,Windsor,Clothing,1306.34,70.0,4.3,5
743,2025-01-31,Store B,Ottawa,Electronics,1265.02,47.0,4.1,10
744,2025-06-29,Store C,Hamilton,Sports,1239.5,114.0,4.3,25
745,2025-09-12,Store A,Toronto,Clothing,2102.01,93.0,4.2,5
746,2024-08-03,Store C,Hamilton,Electronics,1181.03,59.0,4.3,25
747,2023-01-26,Store H,Windsor,Sports,1613.11,46.0,4.9,5
748,2025-08-23,Store E,Kingston,Electronics,802.32,42.0,,15
749,2023-11-20,Store B,Ottawa,Clothing,1835.64,119.0,4.3,15
750,2025-09-21,Store B,Ottawa,Food,1815.18,54.0,4.2,10
751,2023-12-04,Store C,Hamilton,Clothing,2312.16,121.0,,0
752,2025-06-14,Store A,Toronto,Food,943.8,134.0,3.9,0
753,2025-08-13,Store B,Ottawa,Books,1837.73,48.0,4.7,0
754,2024-09-16,Store H,Windsor,Home,1643.45,82.0,3.9,0
755,2023-05-26,Store F,Mississauga,Home,1342.41,95.0,4.1,15
756,2024-11-23,Store H,Windsor,Home,,109.0,3.6,5
757,2023-02-12,Store D,London,Books,1713.52,77.0,4.2,25
758,2025-09-11,Store C,Hamilton,Food,1706.93,12.0,4.5,5
759,2025-06-18,Store C,Hamilton,Home,,64.0,4.0,15
760,2023-12-29,Store E,Kingston,Clothing,2061.0,62.0,4.9,15
761,2024-12-15,Store A,Toronto,Sports,1772.18,99.0,3.7,25
762,2023-07-21,Store H,Windsor,Sports,1981.03,58.0,4.2,25
763,2024-11-07,Store C,Hamilton,Home,2242.76,118.0,4.5,10
764,2023-01-11,Store F,Mississauga,Electronics,1044.37,64.0,,5
765,2023-10-24,Store E,Kingston,Food,1028.32,100.0,4.3,10
766,2025-03-29,Store C,Hamilton,Home,822.11,92.0,3.9,0
767,2025-02-02,Store B,Ottawa,Clothing,1480.6,76.0,3.2,0
768,2025-10-26,Store E,Kingston,Electronics,1044.17,93.0,4.1,0
769,2024-03-27,Store E,Kingston,Books,2277.64,81.0,3.9,5
770,2023-04-16,Store F,Mississauga,Books,1843.69,97.0,4.4,0
771,2025-02-17,Store A,Toronto,Home,1148.06,,4.0,25
772,2025-02-04,Store G,Waterloo,Sports,1308.39,117.0,4.5,0
773,2023-07-15,Store G,Waterloo,Clothing,1711.4,96.0,4.2,0
774,2023-12-26,Store D,London,Sports,2574.03,101.0,4.2,0
775,2024-03-21,Store F,Mississauga,Sports,2334.73,54.0,3.8,25
776,2023-02-02,Store C,Hamilton,Books,1357.08,74.0,3.6,20
777,2024-10-06,Store E,Kingston,Electronics,1857.7,43.0,4.3,5
778,2025-08-09,Store E,Kingston,Books,2170.29,74.0,,10
779,2023-11-29,Store H,Windsor,Food,2258.02,108.0,4.6,0
780,2025-07-16,Store C,Hamilton,Electronics,1983.53,95.0,4.2,20
781,2025-08-22,Store H,Windsor,Electronics,1729.29,104.0,3.5,20
782,2024-01-13,Store D,London,Electronics,1836.84,132.0,4.3,5
783,2024-08-28,Store H,Windsor,Clothing,1161.06,47.0,4.2,0
784,2023-05-17,Store G,Waterloo,Sports,1661.85,78.0,3.3,5
785,2023-07-11,Store B,Ottawa,Electronics,2583.58,86.0,4.6,10
786,2024-11-30,Store C,Hamilton,Electronics,1834.59,109.0,,10
787,2025-02-27,Store F,Mississauga,Electronics,1372.38,105.0,3.8,10
788,2025-12-07,Store G,Waterloo,Home,2047.65,92.0,3.8,5
789,2025-04-01,Store G,Waterloo,Sports,922.34,73.0,,15
790,2023-09-13,Store A,Toronto,Sports,1637.94,84.0,4.7,15
791,2023-06-23,Store D,London,Electronics,1210.95,,3.8,25
792,2023-09-20,Store D,London,Clothing,1874.05,85.0,3.3,10
793,2024-11-20,Store H,Windsor,Electronics,1973.31,,3.3,10
794,2024-10-11,Store C,Hamilton,Home,727.44,102.0,4.1,5
795,2023-04-10,Store B,Ottawa,Books,1814.48,134.0,,10
796,2023-08-29,Store G,Waterloo,Clothing,1425.93,149.0,3.8,15
797,2023-08-03,Store G,Waterloo,Clothing,1932.71,82.0,3.7,10
798,2025-09-16,Store E,Kingston,Electronics,1290.58,92.0,3.9,5
799,2024-11-29,Store D,London,Sports,2999.9,137.0,4.8,25
800,2024-09-19,Store E,Kingston,Books,1196.51,31.0,3.9,10
801,2023-11-01,Store H,Windsor,Home,1269.89,85.0,4.4,10
802,2024-08-27,Store E,Kingston,Books,1045.78,54.0,3.5,0
803,2024-08-30,Store E,Kingston,Food,1098.81,60.0,3.5,10
804,2025-07-06,Store F,Mississauga,Home,1534.02,70.0,3.8,5
805,2023-06-29,Store F,Mississauga,Clothing,,117.0,4.0,5
806,2023-12-24,Store G,Waterloo,Electronics,1863.97,171.0,3.8,0
807,2024-04-01,Store H,Windsor,Books,967.07,100.0,4.0,15
808,2025-03-20,Store F,Mississauga,Sports,2407.51,107.0,3.7,0
809,2024-03-12,Store A,Toronto,Clothing,1983.83,55.0,4.4,25
810,2024-01-05,Store B,Ottawa,Electronics,2084.29,,4.1,15
811,2024-06-12,Store A,Toronto,Sports,2716.18,84.0,4.2,15
812,2023-04-10,Store C,Hamilton,Food,1563.05,112.0,3.4,10
813,2024-06-02,Store D,London,Food,1787.3,97.0,3.8,0
814,2024-12-08,Store F,Mississauga,Home,2287.77,110.0,4.0,0
815,2025-03-11,Store G,Waterloo,Books,1454.75,49.0,3.1,15
816,2025-10-01,Store A,Toronto,Home,1659.81,86.0,4.4,5
817,2024-04-05,Store C,Hamilton,Books,1333.61,59.0,3.9,15
818,2024-08-07,Store B,Ottawa,Clothing,1765.11,100.0,4.4,25
819,2024-10-10,Store C,Hamilton,Home,1605.35,95.0,3.4,5
820,2023-03-21,Store E,Kingston,Clothing,,58.0,4.5,10
821,2024-12-05,Store G,Waterloo,Electronics,2371.92,89.0,4.1,15
822,2024-05-20,Store G,Waterloo,Books,2118.41,91.0,,10
823,2023-05-15,Store C,Hamilton,Food,1884.28,68.0,3.9,0
824,2025-06-26,Store G,Waterloo,Electronics,2059.11,,3.7,15
825,2024-09-06,Store C,Hamilton,Books,1307.91,52.0,,5
826,2024-03-22,Store B,Ottawa,Clothing,1031.16,67.0,3.6,0
827,2023-07-03,Store H,Windsor,Home,1344.94,126.0,3.8,15
828,2023-05-11,Store F,Mississauga,Clothing,1245.86,122.0,4.3,25
829,2024-05-07,Store E,Kingston,Electronics,1375.98,75.0,3.8,0
830,2024-11-12,Store F,Mississauga,Clothing,1663.18,123.0,4.7,0
831,2024-04-30,Store A,Toronto,Sports,1827.82,87.0,4.6,10
832,2024-12-29,Store E,Kingston,Sports,1304.95,84.0,3.6,15
833,2025-04-25,Store H,Windsor,Clothing,1660.76,65.0,3.8,0
834,2025-05-11,Store E,Kingston,Books,,61.0,3.5,5
835,2024-07-08,Store C,Hamilton,Books,2075.36,120.0,3.9,0
836,2025-08-11,Store C,Hamilton,Books,2102.03,132.0,4.3,15
837,2024-03-26,Store C,Hamilton,Electronics,1138.76,70.0,4.7,0
838,2025-07-15,Store D,London,,2081.95,103.0,4.2,15
839,2023-08-11,Store H,Windsor,Sports,2243.47,,4.7,20
840,2023-11-16,Store D,London,Home,1969.58,137.0,4.1,10
841,2025-05-03,Store E,Kingston,Food,,29.0,4.0,5
842,2024-04-15,Store G,Waterloo,Food,1651.5,76.0,5.0,10
843,2024-12-21,Store H,Windsor,Sports,950.87,118.0,3.5,20
844,2025-11-04,Store D,London,Home,2442.88,128.0,4.3,15
845,2024-10-12,Store B,Ottawa,Sports,2514.46,58.0,3.3,25
846,2025-04-02,Store E,Kingston,Clothing,1100.73,75.0,4.3,0
847,2025-08-21,Store H,Windsor,Home,1073.68,85.0,4.5,10
848,2025-03-27,Store D,London,Electronics,1794.34,76.0,3.9,10
849,2024-09-05,Store H,Windsor,Food,526.29,55.0,4.7,0
850,2023-08-29,Store C,Hamilton,Sports,8645.34,,4.3,0
851,2023-12-20,Store G,Waterloo,Home,1970.88,143.0,,10
852,2023-02-28,Store B,Ottawa,Home,1186.75,58.0,4.0,0
853,2025-02-23,Store G,Waterloo,Sports,2124.1,55.0,4.1,0
854,2024-05-28,Store C,Hamilton,Food,1231.77,77.0,3.6,15
855,2024-07-21,Store B,Ottawa,Sports,1555.01,96.0,3.3,5
856,2024-04-11,Store F,Mississauga,Books,1297.95,55.0,3.8,10
857,2025-03-24,Store F,Mississauga,Home,2419.88,97.0,3.8,15
858,2023-08-13,Store A,Toronto,Food,2195.29,101.0,4.4,5
859,2023-07-16,Store C,Hamilton,Sports,1369.44,85.0,4.1,0
860,2025-11-12,Store C,Hamilton,Sports,2138.68,,3.6,20
861,2025-01-26,Store H,Windsor,Clothing,824.86,49.0,4.3,5
862,2024-01-14,Store A,Toronto,,1877.92,123.0,4.7,10
863,2024-02-06,Store B,Ottawa,Home,1717.11,123.0,4.1,20
864,2024-09-01,Store B,Ottawa,,1059.9,93.0,3.9,20
865,2024-08-19,Store H,Windsor,Electronics,1820.3,98.0,4.2,5
866,2024-08-20,Store G,Waterloo,Electronics,2096.53,65.0,4.8,5
867,2025-11-23,Store D,London,Food,,107.0,4.6,0
868,2024-11-28,Store C,Hamilton,Food,2256.62,105.0,3.4,10
869,2025-01-28,Store C,Hamilton,Home,2011.28,77.0,4.5,0
870,2023-06-20,Store E,Kingston,Food,1721.73,43.0,3.9,20
871,2024-03-02,Store G,Waterloo,Books,1607.77,124.0,3.2,0
872,2023-11-18,Store A,Toronto,Clothing,1891.01,172.0,4.0,15
873,2025-01-04,Store C,Hamilton,Books,382.21,,5.0,0
874,2023-12-26,Store A,Toronto,Electronics,2039.58,127.0,4.2,25
875,2025-07-18,Store B,Ottawa,Food,2135.64,142.0,4.9,10
876,2024-07-03,Store F,Mississauga,Food,1348.55,140.0,3.4,15
877,2023-11-30,Store B,Ottawa,Home,1689.04,90.0,4.5,5
878,2024-04-18,Store E,Kingston,Electronics,1594.71,37.0,4.3,5
879,2024-07-04,Store F,Mississauga,Books,2493.85,90.0,4.0,5
880,2023-02-19,Store A,Toronto,Sports,2243.36,145.0,4.1,10
881,2023-05-06,Store B,Ottawa,Books,1684.46,98.0,4.4,5
882,2023-12-12,Store H,Windsor,Sports,1306.79,117.0,4.9,15
883,2024-02-10,Store G,Waterloo,Clothing,1296.67,105.0,5.0,20
884,2024-04-27,Store F,Mississauga,Home,1160.32,97.0,3.7,0
885,2024-09-04,Store G,Waterloo,Home,1907.1,64.0,4.6,10
886,2024-06-11,Store B,Ottawa,Books,1394.36,51.0,,25
887,2023-10-12,Store E,Kingston,Clothing,1233.44,87.0,4.5,10
888,2023-12-04,Store H,Windsor,Food,2971.97,59.0,4.1,5
889,2025-06-15,Store A,Toronto,Books,1773.76,107.0,4.3,10
890,2024-01-29,Store H,Windsor,Home,1731.51,103.0,3.4,0
891,2024-07-06,Store H,Windsor,Food,2068.93,92.0,3.9,25
892,2025-06-18,Store H,Windsor,Home,1948.25,63.0,4.3,10
893,2025-03-18,Store B,Ottawa,Books,1813.14,103.0,4.4,5
894,2023-06-07,Store A,Toronto,Electronics,2082.74,118.0,4.8,5
895,2024-05-18,Store H,Windsor,,1378.99,72.0,4.4,20
896,2023-04-24,Store E,Kingston,Electronics,978.67,57.0,3.6,0
897,2023-05-21,Store G,Waterloo,Home,1617.13,91.0,4.3,10
898,2025-01-29,Store B,Ottawa,Home,992.28,101.0,4.2,5
899,2024-04-20,Store H,Windsor,Food,661.73,77.0,3.7,25
900,2025-11-14,Store D,London,Electronics,1921.96,106.0,3.8,0
901,2024-09-10,Store A,Toronto,Sports,1906.98,81.0,5.0,5
902,2023-11-05,Store C,Hamilton,Home,2030.12,61.0,3.6,25
903,2025-11-08,Store H,Windsor,,1668.76,100.0,3.7,0
904,2023-12-30,Store G,Waterloo,Home,1949.83,87.0,4.0,0
905,2025-06-12,Store A,Toronto,Books,2518.71,55.0,4.0,15
906,2023-04-03,Store D,London,Electronics,1000.56,91.0,4.0,0
907,2023-02-13,Store F,Mississauga,Electronics,1952.71,107.0,3.9,15
908,2025-02-07,Store H,Windsor,Food,1683.87,74.0,4.5,20
909,2025-08-02,Store B,Ottawa,Books,1713.23,85.0,4.1,20
910,2023-02-03,Store D,London,Sports,1222.77,26.0,4.9,15
911,2024-10-14,Store C,Hamilton,Clothing,1790.78,81.0,3.2,10
912,2023-10-31,Store C,Hamilton,Sports,1302.25,77.0,4.3,5
913,2024-05-04,Store A,Toronto,Electronics,1715.77,,4.1,15
914,2024-08-25,Store C,Hamilton,Food,1432.83,82.0,4.3,5
915,2024-11-30,Store G,Waterloo,Books,15043.56,94.0,4.2,5
916,2023-12-05,Store F,Mississauga,,3086.57,132.0,4.1,0
917,2024-03-28,Store F,Mississauga,Food,11143.32,88.0,3.9,0
918,2025-01-16,Store B,Ottawa,Electronics,1176.48,93.0,4.8,5
919,2024-09-07,Store C,Hamilton,Food,,45.0,3.8,10
920,2023-02-13,Store D,London,Home,1770.27,85.0,2.8,10
921,2024-07-30,Store G,Waterloo,Clothing,2374.28,67.0,4.1,25
922,2025-11-24,Store D,London,Sports,2483.75,116.0,4.5,5
923,2023-10-09,Store D,London,Electronics,1006.97,37.0,,5
924,2025-06-21,Store F,Mississauga,Food,2249.66,116.0,4.1,0
925,2023-04-23,Store D,London,Home,2407.38,47.0,4.0,10
926,2025-09-11,Store C,Hamilton,Home,1596.01,88.0,4.3,10
927,2024-06-09,Store B,Ottawa,Home,1915.43,102.0,,15
928,2025-12-26,Store F,Mississauga,Home,2925.79,,4.3,15
929,2025-05-21,Store A,Toronto,Electronics,1437.9,80.0,,5
930,2023-06-13,Store A,Toronto,Home,2419.84,125.0,4.1,20
931,2023-01-13,Store F,Mississauga,Home,,57.0,4.0,5
932,2025-12-12,Store D,London,Clothing,677.57,135.0,3.7,20
933,2025-02-28,Store G,Waterloo,Books,1761.74,87.0,3.3,0
934,2025-05-17,Store A,Toronto,Books,1694.35,103.0,,20
935,2024-08-27,Store A,Toronto,Books,1684.39,91.0,4.1,0
936,2025-10-21,Store B,Ottawa,Electronics,648.78,108.0,3.6,5
937,2024-04-06,Store A,Toronto,Food,1695.4,91.0,,5
938,2024-03-11,Store G,Waterloo,Sports,1402.4,77.0,4.5,20
939,2023-08-06,Store H,Windsor,Home,767.82,116.0,3.8,10
940,2025-10-18,Store A,Toronto,Sports,1349.1,94.0,,5
941,2024-04-28,Store A,Toronto,Clothing,545.15,94.0,4.8,15
942,2023-02-11,Store A,Toronto,Home,1482.16,114.0,4.5,25
943,2023-11-23,Store B,Ottawa,Sports,1663.63,93.0,3.6,0
944,2024-04-13,Store E,Kingston,Books,1425.35,49.0,4.2,25
945,2024-11-05,Store C,Hamilton,Books,1504.69,87.0,3.9,5
946,2025-05-01,Store D,London,Sports,2023.48,105.0,4.2,15
947,2025-11-20,Store B,Ottawa,Clothing,1480.44,142.0,4.2,0
948,2024-05-09,Store G,Waterloo,Food,1325.7,75.0,4.1,0
949,2024-12-01,Store G,Waterloo,Books,2285.78,81.0,4.1,15
950,2023-09-11,Store C,Hamilton,Food,1223.98,87.0,3.2,0
951,2025-12-13,Store E,Kingston,,2284.56,,2.7,20
952,2023-05-31,Store F,Mississauga,Books,1969.58,126.0,4.2,10
953,2025-06-24,Store F,Mississauga,Books,2872.0,170.0,4.7,10
954,2025-04-20,Store H,Windsor,Books,755.09,44.0,4.0,0
955,2025-09-01,Store E,Kingston,Electronics,1607.74,80.0,4.2,10
956,2024-02-08,Store B,Ottawa,Electronics,1682.32,103.0,3.7,15
957,2025-05-17,Store A,Toronto,Food,2275.16,80.0,3.8,25
958,2025-07-13,Store A,Toronto,Books,1270.58,145.0,,5
959,2023-04-07,Store C,Hamilton,Sports,1408.77,65.0,4.2,0
960,2025-08-22,Store G,Waterloo,Food,1270.16,113.0,4.1,5
961,2023-06-26,Store D,London,Home,2154.99,140.0,4.0,10
962,2025-11-16,Store A,Toronto,Food,2852.28,144.0,3.7,25
963,2024-03-27,Store G,Waterloo,Clothing,1445.63,86.0,3.8,0
964,2025-09-14,Store F,Mississauga,Food,1879.24,107.0,4.3,5
965,2024-05-10,Store C,Hamilton,Books,1969.09,96.0,3.7,10
966,2025-07-01,Store F,Mississauga,Food,2248.06,,4.6,5
967,2023-02-03,Store G,Waterloo,Books,1403.96,96.0,3.8,15
968,2024-08-06,Store G,Waterloo,Clothing,11075.26,103.0,4.0,0
969,2024-04-26,Store B,Ottawa,Books,536.82,110.0,4.6,15
970,2025-02-01,Store H,Windsor,Books,,71.0,4.0,5
971,2023-11-18,Store E,Kingston,Clothing,1701.39,148.0,4.5,0
972,2025-12-16,Store A,Toronto,Clothing,2336.17,142.0,,25
973,2024-09-04,Store B,Ottawa,Food,1438.97,69.0,3.8,0
974,2023-05-13,Store G,Waterloo,Sports,355.36,87.0,3.9,10
975,2025-07-02,Store H,Windsor,Home,1809.75,99.0,3.7,20
976,2023-11-14,Store A,Toronto,Sports,2906.9,122.0,,25
977,2025-12-22,Store H,Windsor,Electronics,2223.54,66.0,4.4,10
978,2025-01-28,Store F,Mississauga,Home,1087.64,95.0,4.5,0
979,2024-10-30,Store C,Hamilton,Sports,1387.33,66.0,3.3,20
980,2024-10-28,Store E,Kingston,Food,830.02,69.0,4.1,25
981,2025-12-27,Store B,Ottawa,Electronics,14448.54,60.0,4.2,5
982,2025-05-13,Store C,Hamilton,Books,1815.36,114.0,4.6,10
983,2025-06-12,Store G,Waterloo,Electronics,1226.42,64.0,3.7,10
984,2025-12-13,Store A,Toronto,Sports,1905.76,138.0,4.0,0
985,2024-05-17,Store F,Mississauga,Books,1875.34,156.0,4.5,25
986,2024-10-29,Store G,Waterloo,Electronics,1754.57,91.0,4.2,5
987,2024-08-07,Store C,Hamilton,Electronics,,90.0,4.6,0
988,2024-04-24,Store C,Hamilton,Home,1348.78,67.0,4.3,10
989,2023-10-26,Store G,Waterloo,Sports,937.09,91.0,4.1,5
990,2023-07-31,Store G,Waterloo,Books,1840.72,39.0,3.6,15
991,2025-06-01,Store G,Waterloo,Books,1392.91,91.0,4.4,25
992,2024-01-05,Store A,Toronto,Food,1847.08,69.0,4.3,10
993,2025-06-05,Store D,London,Home,1482.34,109.0,3.8,10
994,2024-06-22,Store E,Kingston,Sports,1687.7,77.0,3.8,20
995,2025-03-21,Store H,Windsor,Books,1149.27,61.0,,25
996,2025-01-01,Store H,Windsor,Food,,52.0,3.5,0
997,2023-03-15,Store G,Waterloo,Electronics,1098.45,124.0,4.0,20
998,2024-12-12,Store B,Ottawa,Books,1511.76,97.0,4.4,0
999,2025-10-27,Store F,Mississauga,Home,1953.38,115.0,3.7,20
1000,2024-05-25,Store F,Mississauga,Books,1790.15,156.0,4.5,10
1001,2025-09-12,Store F,Mississauga,Sports,1102.68,96.0,3.8,10
1002,2025-07-05,Store F,Mississauga,Clothing,2329.32,83.0,4.7,20
1003,2023-11-20,Store F,Mississauga,Food,2340.57,103.0,4.3,0
1004,2025-04-03,Store G,Waterloo,Sports,1391.02,79.0,4.1,5
1005,2023-06-20,Store G,Waterloo,Sports,2070.45,123.0,4.7,10
1006,2024-01-23,Store A,Toronto,Clothing,2090.26,96.0,,10
1007,2023-06-23,Store G,Waterloo,,1095.25,93.0,3.6,25
1008,2024-11-06,Store G,Waterloo,Sports,2000.56,106.0,3.9,5
1009,2025-02-07,Store H,Windsor,Home,797.32,103.0,3.7,15
1010,2025-02-28,Store A,Toronto,Electronics,1559.0,49.0,4.4,0
1011,2025-10-23,Store C,Hamilton,Sports,1822.01,72.0,4.5,10
1012,2025-08-02,Store G,Waterloo,Clothing,1577.2,,3.8,15
1013,2024-10-11,Store E,Kingston,Clothing,1722.18,65.0,4.4,15
1014,2023-06-19,Store F,Mississauga,Electronics,1760.52,109.0,5.0,15
1015,2024-03-26,Store A,Toronto,Electronics,1063.73,105.0,3.5,10
1016,2023-03-05,Store E,Kingston,Sports,870.4,42.0,4.5,25
1017,2023-12-03,Store D,London,Electronics,2656.59,102.0,3.9,15
1018,2024-05-27,Store A,Toronto,Electronics,1986.03,109.0,3.8,25
1019,2023-10-30,Store H,Windsor,Books,1339.65,40.0,4.5,0
1020,2023-12-03,Store F,Mississauga,Sports,3072.73,,3.9,10
1021,2024-08-23,Store D,London,Books,1912.11,97.0,4.3,5
1022,2025-02-11,Store C,Hamilton,Home,1972.75,53.0,3.9,20
1023,2023-12-31,Store H,Windsor,Electronics,1537.57,64.0,4.2,5
1024,2024-06-12,Store D,London,Electronics,1809.19,82.0,3.5,15
1025,2024-10-04,Store H,Windsor,Clothing,8714.72,,4.7,0
1026,2025-05-05,Store E,Kingston,Electronics,749.86,19.0,4.1,10
1027,2025-03-06,Store E,Kingston,Home,1377.95,90.0,4.7,0
1028,2024-10-05,Store C,Hamilton,Home,,68.0,3.8,0
1029,2023-07-31,Store E,Kingston,Home,1799.98,88.0,3.4,0
1030,2024-03-23,Store D,London,Home,1051.32,101.0,4.5,0
1031,2025-02-20,Store G,Waterloo,Clothing,1818.79,,3.8,25
1032,2024-10-03,Store D,London,Home,1265.33,69.0,4.0,15
1033,2023-10-31,Store A,Toronto,Books,2252.23,84.0,3.8,0
1034,2024-12-26,Store A,Toronto,Sports,2849.6,110.0,4.0,10
1035,2024-06-09,Store G,Waterloo,Food,1416.23,95.0,3.9,25
1036,2024-03-28,Store A,Toronto,Clothing,1679.58,107.0,4.4,0
1037,2024-04-17,Store F,Mississauga,Food,,111.0,4.5,5
1038,2024-02-04,Store B,Ottawa,Electronics,1664.85,119.0,4.4,15
1039,2023-03-14,Store C,Hamilton,Sports,1265.79,,4.3,10
1040,2025-10-31,Store H,Windsor,Home,1317.9,72.0,4.1,5
1041,2025-09-25,Store C,Hamilton,Food,977.02,64.0,4.5,0
1042,2024-01-25,Store H,Windsor,,1286.82,80.0,4.8,5
1043,2025-12-30,Store B,Ottawa,Home,2121.81,127.0,4.4,0
1044,2024-05-11,Store B,Ottawa,Food,1491.39,89.0,4.3,10
1045,2024-07-06,Store D,London,Clothing,,145.0,,5
1046,2024-09-26,Store D,London,Home,1337.87,,3.7,20
1047,2023-02-12,Store F,Mississauga,Clothing,,90.0,2.9,25
1048,2024-08-27,Store D,London,Sports,2158.99,154.0,4.0,0
1049,2023-03-16,Store A,Toronto,Clothing,,80.0,3.6,0
1050,2024-02-14,Store H,Windsor,Sports,1551.12,58.0,3.4,0
1051,2024-10-10,Store G,Waterloo,Home,1433.76,63.0,4.1,15
1052,2023-08-07,Store G,Waterloo,Sports,1701.46,116.0,4.2,10
1053,2024-07-20,Store G,Waterloo,Books,1530.96,131.0,4.2,5
1054,2024-07-09,Store E,Kingston,Home,2488.58,52.0,4.6,10
1055,2023-01-29,Store A,Toronto,Clothing,1503.93,65.0,4.4,5
1056,2023-11-02,Store E,Kingston,Food,2056.99,67.0,4.3,5
1057,2025-03-15,Store G,Waterloo,Clothing,1833.75,45.0,4.6,5
1058,2023-01-08,Store A,Toronto,,2334.89,87.0,4.6,0
1059,2023-07-23,Store C,Hamilton,Books,1879.28,114.0,5.0,5
1060,2025-02-12,Store H,Windsor,Books,1547.99,80.0,3.7,10
1061,2023-04-26,Store E,Kingston,Food,1582.57,,4.0,15
1062,2025-06-14,Store E,Kingston,Electronics,1119.21,94.0,4.0,25
1063,2024-09-29,Store B,Ottawa,Books,1859.85,73.0,3.7,0
1064,2023-06-21,Store D,London,Home,2239.51,,4.3,10
1065,2023-05-15,Store A,Toronto,Sports,2231.04,136.0,3.4,0
1066,2025-07-21,Store D,London,Electronics,1331.53,45.0,4.5,10
1067,2023-05-12,Store B,Ottawa,Food,1157.79,56.0,4.0,0
1068,2023-03-03,Store A,Toronto,Clothing,1824.79,99.0,4.0,5
1069,2023-10-04,Store A,Toronto,Sports,9742.5,64.0,4.1,5
1070,2023-07-04,Store D,London,Books,1145.77,102.0,4.0,15
1071,2023-01-27,Store F,Mississauga,Sports,2527.27,38.0,4.1,0
1072,2024-04-14,Store E,Kingston,Clothing,1440.01,75.0,3.6,15
1073,2023-06-17,Store D,London,Books,1726.54,122.0,4.3,0
1074,2023-11-27,Store F,Mississauga,Food,2191.53,120.0,4.0,10
1075,2023-07-10,Store F,Mississauga,Clothing,2231.99,110.0,4.6,0
1076,2024-06-26,Store D,London,Books,1438.68,120.0,4.7,0
1077,2024-02-07,Store D,London,Books,1498.18,97.0,3.6,15
1078,2023-07-04,Store E,Kingston,Clothing,1623.32,,3.6,10
1079,2023-05-01,Store F,Mississauga,Food,1454.95,114.0,4.1,5
1080,2023-09-26,Store H,Windsor,Home,1480.31,90.0,3.4,20
1081,2024-07-02,Store E,Kingston,Clothing,,97.0,4.5,0
1082,2023-01-28,Store F,Mississauga,Books,1674.47,,3.4,10
1083,2024-12-13,Store H,Windsor,Clothing,2245.96,69.0,3.2,20
1084,2024-05-07,Store G,Waterloo,Home,1516.33,116.0,4.4,5
1085,2023-07-12,Store G,Waterloo,Sports,1346.08,89.0,4.2,15
1086,2025-05-15,Store C,Hamilton,Home,564.5,78.0,4.3,0
1087,2025-01-14,Store H,Windsor,Home,869.65,62.0,,15
1088,2023-02-11,Store G,Waterloo,Books,1468.7,63.0,4.4,15
1089,2025-05-20,Store F,Mississauga,Electronics,1827.71,68.0,3.3,0
1090,2023-01-23,Store F,Mississauga,Books,2739.53,154.0,4.3,15
1091,2025-11-24,Store F,Mississauga,Books,2595.75,111.0,4.9,20
1092,2024-12-26,Store C,Hamilton,Sports,1110.78,162.0,,15
1093,2023-07-01,Store C,Hamilton,Clothing,1651.72,88.0,3.5,5
1094,2024-09-09,Store G,Waterloo,Food,1432.17,56.0,3.4,10
1095,2023-07-16,Store B,Ottawa,Food,1692.24,80.0,3.6,0
1096,2025-09-24,Store H,Windsor,Electronics,1391.87,65.0,3.7,10
1097,2023-06-28,Store C,Hamilton,Sports,2113.43,98.0,5.0,5
1098,2024-03-25,Store E,Kingston,Sports,,73.0,4.4,15
1099,2024-02-02,Store C,Hamilton,Sports,1504.64,16.0,3.5,5
1100,2023-03-11,Store C,Hamilton,Books,,95.0,4.0,5
1101,2023-09-05,Store F,Mississauga,Books,1654.82,67.0,4.8,0
1102,2023-08-27,Store A,Toronto,Books,2190.83,,4.3,15
1103,2025-09-14,Store F,Mississauga,Home,2195.13,121.0,4.0,10
1104,2025-10-16,Store A,Toronto,Sports,1974.22,67.0,,25
1105,2024-11-12,Store B,Ottawa,Electronics,2056.34,124.0,4.7,5
1106,2024-04-10,Store B,Ottawa,Food,1215.61,72.0,4.6,0
1107,2025-12-15,Store A,Toronto,Clothing,3163.17,122.0,4.3,15
1108,2025-08-04,Store F,Mississauga,Clothing,2121.08,113.0,3.9,0
1109,2025-06-30,Store E,Kingston,Sports,1289.1,90.0,4.1,15
1110,2025-12-08,Store E,Kingston,Sports,1495.31,,4.8,0
1111,2024-04-12,Store B,Ottawa,Sports,825.15,45.0,3.6,5
1112,2024-07-05,Store E,Kingston,Sports,1394.74,58.0,5.0,0
1113,2023-03-20,Store C,Hamilton,Sports,,85.0,4.2,0
1114,2023-09-27,Store C,Hamilton,Food,1365.35,28.0,4.1,5
1115,2023-07-09,Store C,Hamilton,Sports,1425.22,120.0,,0
1116,2023-05-08,Store E,Kingston,,2012.48,95.0,4.6,0
1117,2023-04-25,Store E,Kingston,Books,1544.76,41.0,4.0,15
1118,2025-10-29,Store B,Ottawa,Electronics,1347.29,105.0,4.6,0
1119,2023-08-31,Store H,Windsor,Books,1464.25,107.0,4.5,20
1120,2025-06-07,Store A,Toronto,,2941.41,122.0,3.6,20
1121,2025-05-05,Store F,Mississauga,,2344.86,141.0,4.3,0
1122,2023-04-12,Store E,Kingston,Sports,1085.84,25.0,4.5,5
1123,2023-02-20,Store G,Waterloo,Clothing,580.29,109.0,4.2,10
1124,2024-03-13,Store F,Mississauga,Clothing,1869.05,77.0,4.1,15
1125,2025-11-12,Store D,London,Electronics,2096.4,112.0,4.3,0
1126,2025-02-12,Store F,Mississauga,Clothing,2003.91,66.0,,5
1127,2025-10-01,Store E,Kingston,Food,772.81,35.0,3.9,0
1128,2023-02-25,Store E,Kingston,Clothing,1554.43,49.0,3.5,25
1129,2023-09-12,Store H,Windsor,Clothing,1305.0,101.0,4.7,0
1130,2023-09-01,Store E,Kingston,Clothing,1163.1,84.0,4.2,25
1131,2023-03-11,Store F,Mississauga,Electronics,1931.73,97.0,4.2,25
1132,2025-05-18,Store C,Hamilton,,1220.13,66.0,4.0,10
1133,2024-08-15,Store B,Ottawa,Books,2531.76,121.0,,15
1134,2024-04-25,Store A,Toronto,Home,1689.92,115.0,4.8,0
1135,2023-12-08,Store C,Hamilton,Food,2093.69,68.0,4.4,20
1136,2025-11-03,Store A,Toronto,Sports,2691.8,103.0,4.4,5
1137,2025-04-03,Store E,Kingston,Food,1492.27,62.0,4.0,10
1138,2024-08-28,Store E,Kingston,Sports,711.9,63.0,3.7,15
1139,2024-04-25,Store C,Hamilton,Food,1649.57,100.0,4.2,0
1140,2025-10-18,Store E,Kingston,Sports,1226.29,,4.2,10
1141,2025-05-22,Store A,Toronto,Home,1812.4,55.0,4.3,15
1142,2023-06-14,Store H,Windsor,Home,,53.0,5.0,0
1143,2023-10-25,Store C,Hamilton,Books,,64.0,4.2,10
1144,2024-06-11,Store F,Mississauga,Food,2145.58,141.0,3.8,10
1145,2024-05-05,Store A,Toronto,Food,1513.58,102.0,4.4,15
1146,2025-06-14,Store A,Toronto,Books,2549.22,128.0,4.4,15
1147,2025-01-27,Store C,Hamilton,Food,1221.74,34.0,3.6,20
1148,2023-11-30,Store A,Toronto,Clothing,2688.62,138.0,3.6,20
1149,2024-03-28,Store C,Hamilton,Electronics,5457.69,68.0,4.6,0
1150,2023-12-09,Store B,Ottawa,Home,,85.0,,0
1151,2024-08-29,Store H,Windsor,Sports,1971.16,113.0,4.2,0
1152,2023-05-12,Store A,Toronto,Home,2614.63,83.0,,0
1153,2023-06-11,Store H,Windsor,Clothing,1506.2,103.0,3.8,15
1154,2025-06-16,Store F,Mississauga,Sports,1180.62,103.0,3.3,15
1155,2023-04-21,Store B,Ottawa,Clothing,1605.52,86.0,3.7,0
1156,2023-08-13,Store D,London,Sports,1303.6,,4.0,10
1157,2023-07-18,Store A,Toronto,Home,,138.0,4.4,10
1158,2023-10-10,Store H,Windsor,Food,862.69,52.0,4.4,15
1159,2025-07-27,Store A,Toronto,Clothing,1621.37,74.0,4.3,10
1160,2023-02-15,Store A,Toronto,Electronics,710.18,,4.6,25
1161,2024-09-30,Store F,Mississauga,Food,2396.71,110.0,4.7,15
1162,2024-01-04,Store E,Kingston,Sports,1434.28,77.0,4.0,25
1163,2023-02-19,Store E,Kingston,Clothing,927.14,19.0,3.4,5
1164,2024-08-07,Store G,Waterloo,Food,1383.73,80.0,4.9,10
1165,2023-12-23,Store E,Kingston,Clothing,1575.19,101.0,3.9,5
1166,2025-01-21,Store D,London,Electronics,2085.89,83.0,3.6,25
1167,2025-01-01,Store D,London,Sports,982.15,45.0,3.8,15
1168,2024-03-16,Store F,Mississauga,,1730.84,86.0,,5
1169,2025-07-26,Store D,London,Sports,2106.64,104.0,5.0,0
1170,2023-10-17,Store E,Kingston,Clothing,608.16,88.0,4.1,0
1171,2025-01-08,Store F,Mississauga,Electronics,1459.07,72.0,3.8,0
1172,2023-02-08,Store F,Mississauga,,2000.75,89.0,3.4,10
1173,2024-04-22,Store C,Hamilton,Food,1481.74,47.0,4.5,5
1174,2025-09-06,Store D,London,Clothing,1148.65,81.0,3.9,0
1175,2024-02-20,Store B,Ottawa,Sports,1597.23,73.0,3.7,10
1176,2023-11-13,Store B,Ottawa,Food,1355.76,85.0,4.5,5
1177,2024-12-17,Store D,London,Books,2253.18,101.0,4.1,5
1178,2024-06-29,Store A,Toronto,Electronics,2075.81,93.0,3.5,15
1179,2024-06-02,Store F,Mississauga,Clothing,1992.77,100.0,4.7,5
1180,2023-08-28,Store B,Ottawa,Clothing,2325.43,110.0,4.3,5
1181,2024-02-23,Store D,London,Clothing,,63.0,3.8,20
1182,2024-05-25,Store B,Ottawa,Clothing,1603.26,89.0,4.3,10
1183,2025-03-08,Store F,Mississauga,Food,1316.68,90.0,4.3,15
1184,2024-04-01,Store F,Mississauga,Food,773.16,90.0,4.8,0
1185,2023-09-07,Store D,London,Home,1734.92,55.0,,25
1186,2023-10-20,Store A,Toronto,Electronics,1482.78,69.0,4.5,25
1187,2024-02-09,Store G,Waterloo,Food,1393.24,60.0,3.4,0
1188,2024-11-25,Store G,Waterloo,Sports,2161.1,144.0,5.0,0
1189,2025-03-28,Store D,London,Home,1201.08,83.0,4.5,20
1190,2024-11-10,Store A,Toronto,Sports,2290.16,100.0,3.6,0
1191,2025-10-05,Store D,London,Food,1837.4,70.0,4.0,15
1192,2023-12-11,Store D,London,Sports,1628.21,88.0,4.2,10
1193,2024-08-17,Store E,Kingston,Food,,99.0,4.0,25
1194,2025-01-18,Store H,Windsor,Sports,,50.0,4.2,10
1195,2024-04-28,Store B,Ottawa,Food,1161.97,127.0,4.0,10
1196,2025-04-07,Store A,Toronto,Clothing,2547.61,99.0,3.6,25
1197,2023-12-14,Store E,Kingston,Electronics,1892.59,138.0,4.5,0
1198,2023-05-14,Store B,Ottawa,Clothing,1051.51,86.0,4.1,20
1199,2023-05-25,Store F,Mississauga,Electronics,2011.07,116.0,3.2,5
1200,2024-03-18,Store A,Toronto,Food,2271.76,73.0,3.2,20
1201,2023-01-02,Store A,Toronto,Electronics,,,3.7,0
1202,2025-06-02,Store D,London,Books,1688.51,,3.2,0
1203,2023-02-02,Store H,Windsor,Home,505.1,64.0,3.9,5
1204,2025-09-05,Store A,Toronto,Clothing,2231.67,56.0,3.5,10
1205,2024-09-09,Store B,Ottawa,Home,1194.67,102.0,4.1,5
1206,2023-05-28,Store D,London,Clothing,1529.01,99.0,4.8,5
1207,2024-07-11,Store A,Toronto,Food,1874.94,,4.6,10
1208,2024-05-22,Store E,Kingston,Books,1541.57,94.0,3.8,10
1209,2025-03-25,Store H,Windsor,Electronics,1067.98,89.0,4.1,10
1210,2025-08-07,Store G,Waterloo,Clothing,2000.22,109.0,4.4,0
1211,2023-12-30,Store E,Kingston,Food,1846.58,43.0,3.6,10
1212,2023-11-30,Store C,Hamilton,Food,2161.38,107.0,4.0,25
1213,2024-05-23,Store A,Toronto,Home,652.41,61.0,4.3,15
1214,2023-11-01,Store C,Hamilton,Electronics,2647.85,133.0,4.0,10
1215,2025-11-14,Store B,Ottawa,Food,1689.22,127.0,3.8,5
1216,2025-03-30,Store G,Waterloo,Electronics,1681.75,78.0,3.8,15
1217,2024-10-12,Store H,Windsor,Books,1682.35,113.0,3.8,20
1218,2024-12-30,Store H,Windsor,Food,896.8,69.0,4.3,5
1219,2025-11-25,Store C,Hamilton,Sports,2252.98,89.0,4.1,5
1220,2024-04-07,Store E,Kingston,Books,2235.23,31.0,3.7,5
1221,2023-01-06,Store A,Toronto,Electronics,2211.76,99.0,,5
1222,2024-05-05,Store E,Kingston,Books,2063.4,50.0,3.8,15
1223,2023-04-23,Store B,Ottawa,Sports,2118.69,69.0,,25
1224,2025-03-19,Store A,Toronto,Sports,1884.95,65.0,4.4,25
1225,2023-10-29,Store H,Windsor,Books,1322.4,84.0,4.1,0
1226,2025-10-04,Store A,Toronto,Clothing,1190.73,,4.0,5
1227,2024-06-07,Store B,Ottawa,Electronics,,109.0,4.7,0
1228,2024-05-15,Store F,Mississauga,Electronics,1224.9,98.0,4.2,0
1229,2025-03-09,Store A,Toronto,Clothing,1471.13,,3.9,20
1230,2025-02-18,Store D,London,Sports,1264.72,86.0,4.2,20
1231,2025-03-09,Store G,Waterloo,Books,1893.77,71.0,4.1,5
1232,2025-04-11,Store D,London,Sports,1372.41,59.0,4.5,25
1233,2025-05-03,Store A,Toronto,Home,1205.32,114.0,3.9,5
1234,2024-09-14,Store A,Toronto,Electronics,1989.73,158.0,4.3,10
1235,2024-07-26,Store C,Hamilton,Clothing,,69.0,4.2,10
1236,2023-01-28,Store G,Waterloo,Sports,1528.56,84.0,4.5,10
1237,2024-11-28,Store F,Mississauga,Home,2188.59,,4.1,0
1238,2025-12-08,Store G,Waterloo,Clothing,2090.95,133.0,,15
1239,2025-09-19,Store E,Kingston,Books,1567.31,30.0,4.1,20
1240,2023-12-13,Store H,Windsor,Clothing,,100.0,4.4,0
1241,2025-07-31,Store B,Ottawa,Sports,2124.34,67.0,,15
1242,2023-10-11,Store C,Hamilton,Home,,92.0,3.7,0
1243,2025-01-06,Store D,London,Books,1042.55,118.0,4.1,0
1244,2024-05-23,Store G,Waterloo,Sports,1849.06,96.0,4.4,5
1245,2024-02-28,Store H,Windsor,Food,1055.53,33.0,4.0,0
1246,2023-10-02,Store G,Waterloo,Food,,30.0,3.8,20
1247,2024-10-11,Store C,Hamilton,Electronics,1705.51,110.0,4.3,15
1248,2025-11-08,Store D,London,Sports,1345.89,109.0,4.7,15
1249,2023-11-05,Store G,Waterloo,Clothing,1184.03,,3.7,15
1250,2023-07-28,Store E,Kingston,Electronics,1454.68,101.0,3.4,0
1251,2023-05-24,Store A,Toronto,Books,1431.03,109.0,3.5,20
1252,2023-07-20,Store A,Toronto,Sports,1952.12,115.0,4.8,25
1253,2024-05-11,Store H,Windsor,Books,1718.84,91.0,4.2,15
1254,2025-03-30,Store C,Hamilton,Home,1505.89,71.0,5.0,10
1255,2025-01-13,Store F,Mississauga,Electronics,1973.0,92.0,4.4,10
1256,2023-10-19,Store A,Toronto,Home,1376.8,94.0,3.7,25
1257,2024-07-30,Store G,Waterloo,Home,1912.11,111.0,4.1,15
1258,2025-02-07,Store G,Waterloo,Food,1119.96,67.0,4.1,20
1259,2023-01-06,Store H,Windsor,Food,1765.57,79.0,4.7,0
1260,2024-07-01,Store H,Windsor,Books,2255.24,,4.2,10
1261,2025-07-17,Store F,Mississauga,Home,1761.05,112.0,3.6,15
1262,2025-10-10,Store E,Kingston,Home,1908.85,51.0,4.4,15
1263,2024-08-27,Store C,Hamilton,Electronics,2326.34,96.0,4.0,0
1264,2025-06-05,Store C,Hamilton,Books,1095.73,89.0,5.0,20
1265,2024-12-12,Store B,Ottawa,Books,2301.77,145.0,5.0,10
1266,2025-06-21,Store A,Toronto,Food,1929.48,90.0,3.4,0
1267,2025-08-04,Store G,Waterloo,Food,1844.65,137.0,4.1,10
1268,2024-02-15,Store E,Kingston,Sports,1615.43,66.0,4.2,15
1269,2025-05-23,Store F,Mississauga,Books,1444.78,106.0,4.5,15
1270,2023-04-14,Store F,Mississauga,Home,2581.95,90.0,4.3,10
1271,2024-10-22,Store D,London,Food,1501.84,81.0,4.0,10
1272,2023-11-11,Store E,Kingston,Books,2387.67,109.0,4.0,10
1273,2024-09-02,Store B,Ottawa,Clothing,1307.18,103.0,3.9,25
1274,2023-01-17,Store B,Ottawa,Home,,71.0,4.0,15
1275,2023-09-12,Store E,Kingston,Clothing,1005.87,71.0,4.1,5
1276,2023-10-06,Store C,Hamilton,Sports,1634.92,115.0,3.6,0
1277,2025-02-14,Store D,London,Books,1984.83,46.0,,10
1278,2025-10-05,Store A,Toronto,Clothing,2265.14,56.0,3.1,20
1279,2023-07-14,Store B,Ottawa,Home,1350.68,58.0,4.0,5
1280,2023-01-09,Store F,Mississauga,Clothing,2388.42,76.0,4.2,5
1281,2023-01-30,Store A,Toronto,Home,1546.95,83.0,4.3,5
1282,2023-02-10,Store C,Hamilton,Clothing,908.48,128.0,4.1,5
1283,2023-09-23,Store F,Mississauga,Sports,2085.5,120.0,3.8,5
1284,2025-05-29,Store G,Waterloo,Books,1230.9,90.0,3.8,25
1285,2024-02-28,Store G,Waterloo,Electronics,1273.22,71.0,4.3,5
1286,2023-07-05,Store C,Hamilton,Clothing,1117.77,92.0,3.6,5
1287,2024-02-25,Store G,Waterloo,Home,1222.47,90.0,4.2,15
1288,2025-03-19,Store D,London,Clothing,1514.07,78.0,4.3,5
1289,2024-11-13,Store F,Mississauga,Electronics,2383.49,131.0,4.0,25
1290,2024-02-10,Store G,Waterloo,Home,9333.960000000001,96.0,4.0,5
1291,2023-07-15,Store G,Waterloo,Books,2359.41,100.0,3.8,5
1292,2023-02-08,Store F,Mississauga,Sports,,56.0,5.0,5
1293,2023-04-27,Store E,Kingston,Electronics,897.56,83.0,3.8,25
1294,2023-07-15,Store B,Ottawa,Food,849.08,84.0,,5
1295,2025-09-30,Store E,Kingston,Food,1626.42,39.0,3.7,5
1296,2025-03-28,Store E,Kingston,Food,,83.0,4.1,0
1297,2024-04-25,Store D,London,Sports,1654.78,71.0,4.6,10
1298,2024-11-23,Store A,Toronto,Electronics,3092.94,120.0,4.0,5
1299,2024-03-07,Store B,Ottawa,Books,1445.51,94.0,3.0,0
1300,2023-11-10,Store B,Ottawa,Food,1738.1,83.0,4.8,5
1301,2023-02-22,Store E,Kingston,Electronics,1214.27,50.0,4.2,15
1302,2023-04-23,Store B,Ottawa,Food,2173.59,95.0,4.4,5
1303,2025-02-05,Store E,Kingston,Sports,842.0,81.0,4.1,10
1304,2023-04-23,Store A,Toronto,Home,1105.45,110.0,4.3,0
1305,2023-01-20,Store A,Toronto,Home,694.28,62.0,4.5,5
1306,2024-08-21,Store B,Ottawa,Food,1690.03,103.0,4.0,15
1307,2025-11-30,Store E,Kingston,Home,1687.21,82.0,5.0,0
1308,2023-04-21,Store C,Hamilton,Electronics,1714.38,81.0,4.6,25
1309,2023-03-07,Store H,Windsor,Clothing,1479.72,117.0,3.6,0
1310,2023-12-18,Store H,Windsor,Home,926.01,134.0,4.6,25
1311,2024-04-17,Store C,Hamilton,Books,1786.48,,,0
1312,2023-09-02,Store A,Toronto,Home,1357.38,116.0,3.6,10
1313,2023-04-20,Store B,Ottawa,Clothing,1467.57,73.0,4.0,15
1314,2024-12-04,Store F,Mississauga,,2132.04,129.0,3.7,0
1315,2025-10-16,Store H,Windsor,Home,966.34,,3.5,0
1316,2024-11-10,Store G,Waterloo,Clothing,2383.72,115.0,3.6,5
1317,2024-11-21,Store H,Windsor,Books,1288.25,137.0,4.5,15
1318,2023-08-18,Store C,Hamilton,Sports,1704.27,71.0,3.9,15
1319,2025-10-17,Store H,Windsor,Electronics,1685.17,41.0,4.6,0
1320,2025-07-12,Store A,Toronto,Books,2260.63,99.0,,15
1321,2023-07-01,Store B,Ottawa,Home,1635.3,97.0,4.0,0
1322,2023-05-20,Store B,Ottawa,Books,1021.03,111.0,4.4,10
1323,2025-07-17,Store F,Mississauga,Clothing,2640.13,103.0,3.6,25
1324,2024-06-19,Store F,Mississauga,Books,1923.5,90.0,4.7,0
1325,2024-05-02,Store B,Ottawa,Home,1782.43,119.0,4.3,5
1326,2025-05-21,Store E,Kingston,,1564.12,63.0,,15
1327,2025-11-23,Store D,London,Food,2361.16,,4.6,10
1328,2023-10-19,Store C,Hamilton,Home,1401.98,117.0,3.3,20
1329,2025-06-26,Store F,Mississauga,Sports,2121.62,,3.6,5
1330,2025-01-09,Store B,Ottawa,Electronics,1545.67,36.0,,0
1331,2025-11-28,Store F,Mississauga,Electronics,3252.93,119.0,3.7,15
1332,2024-06-09,Store H,Windsor,Books,1208.12,92.0,3.6,15
1333,2023-05-16,Store H,Windsor,Clothing,1644.77,61.0,4.0,0
1334,2025-04-23,Store A,Toronto,Sports,1944.62,84.0,4.2,10
1335,2024-11-23,Store H,Windsor,Food,1665.81,105.0,5.0,0
1336,2023-05-02,Store C,Hamilton,,2077.98,41.0,4.3,15
1337,2024-03-08,Store D,London,Sports,1938.51,124.0,4.4,15
1338,2023-03-06,Store A,Toronto,Food,1459.83,75.0,4.3,0
1339,2023-02-24,Store F,Mississauga,Books,1650.13,88.0,4.4,5
1340,2024-04-29,Store D,London,Books,1608.09,43.0,4.0,0
1341,2023-08-12,Store B,Ottawa,Sports,933.6,52.0,4.7,0
1342,2024-01-25,Store H,Windsor,,1948.82,72.0,,0
1343,2024-08-08,Store H,Windsor,Clothing,1134.39,60.0,4.1,15
1344,2023-05-14,Store G,Waterloo,Home,1418.73,86.0,4.1,10
1345,2023-02-05,Store F,Mississauga,Electronics,1920.52,70.0,4.0,0
1346,2024-04-30,Store G,Waterloo,Food,1074.42,123.0,4.1,10
1347,2024-11-15,Store A,Toronto,Home,2039.65,135.0,4.5,10
1348,2024-05-05,Store B,Ottawa,Books,1230.29,52.0,3.8,10
1349,2023-07-28,Store E,Kingston,Clothing,1602.24,97.0,3.9,25
1350,2025-12-19,Store D,London,Books,1069.43,102.0,,5
1351,2025-07-21,Store E,Kingston,Electronics,1121.75,109.0,3.6,25
1352,2024-12-24,Store D,London,Books,2065.71,89.0,4.2,15
1353,2024-07-05,Store A,Toronto,Home,2476.34,92.0,4.1,0
1354,2025-03-24,Store E,Kingston,,1857.29,54.0,4.6,5
1355,2023-11-15,Store B,Ottawa,Home,,93.0,4.3,15
1356,2023-09-11,Store D,London,Food,1712.96,85.0,4.7,10
1357,2024-05-18,Store G,Waterloo,Sports,1588.82,63.0,4.4,5
1358,2024-06-15,Store B,Ottawa,Food,1647.89,107.0,4.1,5
1359,2024-05-03,Store B,Ottawa,Sports,2370.56,106.0,4.7,25
1360,2025-04-10,Store C,Hamilton,Electronics,1574.69,23.0,3.7,10
1361,2023-05-05,Store E,Kingston,Books,1975.17,36.0,4.4,0
1362,2024-10-28,Store D,London,Electronics,836.22,53.0,3.2,10
1363,2023-11-02,Store C,Hamilton,Electronics,1955.85,129.0,3.8,20
1364,2025-01-07,Store H,Windsor,Sports,1686.16,48.0,4.0,10
1365,2024-06-03,Store F,Mississauga,Clothing,,83.0,3.2,10
1366,2024-11-19,Store D,London,Sports,,94.0,4.4,10
1367,2024-05-09,Store A,Toronto,Clothing,2112.41,107.0,3.5,0
1368,2024-07-17,Store H,Windsor,Home,1120.2,52.0,,5
1369,2025-08-29,Store D,London,Sports,364.97,75.0,,5
1370,2023-04-04,Store D,London,Sports,1036.12,124.0,3.8,0
1371,2024-06-13,Store H,Windsor,Sports,1290.57,100.0,3.7,10
1372,2024-11-23,Store D,London,Books,2077.39,118.0,3.6,10
1373,2024-10-08,Store C,Hamilton,Home,2424.83,71.0,4.9,15
1374,2023-08-10,Store F,Mississauga,Food,2370.16,155.0,3.9,10
1375,2025-02-13,Store H,Windsor,Home,,130.0,,10
1376,2024-09-18,Store E,Kingston,Clothing,,68.0,4.2,5
1377,2024-04-19,Store G,Waterloo,Food,1456.82,73.0,4.6,0
1378,2025-06-03,Store C,Hamilton,Home,2082.59,89.0,3.8,20
1379,2023-11-30,Store H,Windsor,Sports,1872.78,68.0,4.0,5
1380,2024-10-12,Store E,Kingston,Home,1071.8,72.0,4.9,15
1381,2023-04-16,Store G,Waterloo,Books,2546.92,41.0,3.7,25
1382,2024-08-25,Store G,Waterloo,Sports,1863.82,108.0,4.0,5
1383,2024-09-25,Store F,Mississauga,Home,1108.69,82.0,3.2,10
1384,2024-04-29,Store F,Mississauga,Clothing,,104.0,3.8,5
1385,2024-11-18,Store H,Windsor,Home,1917.82,117.0,3.6,20
1386,2023-06-17,Store G,Waterloo,Food,1848.47,106.0,4.2,0
1387,2024-07-06,Store B,Ottawa,Food,1670.6,57.0,4.0,0
1388,2024-08-21,Store D,London,Books,1974.61,102.0,3.9,0
1389,2025-02-28,Store B,Ottawa,Home,1414.56,89.0,3.9,20
1390,2023-11-03,Store D,London,Food,1082.3,122.0,4.0,15
1391,2023-07-07,Store H,Windsor,Books,1347.28,,3.8,10
1392,2023-08-19,Store B,Ottawa,Electronics,1947.28,125.0,4.3,5
1393,2024-12-20,Store H,Windsor,Food,1761.25,90.0,4.6,10
1394,2024-05-07,Store E,Kingston,Books,1704.47,45.0,3.6,0
1395,2023-05-12,Store F,Mississauga,Home,2189.39,67.0,3.0,25
1396,2025-03-16,Store B,Ottawa,Food,757.1,42.0,4.5,0
1397,2025-12-09,Store D,London,Electronics,1516.04,99.0,3.5,20
1398,2023-07-27,Store H,Windsor,Electronics,1001.29,111.0,3.6,25
1399,2024-07-18,Store D,London,Electronics,2641.88,85.0,3.7,5
1400,2025-01-19,Store B,Ottawa,Sports,1448.42,91.0,4.2,10
1401,2024-08-30,Store H,Windsor,Clothing,1862.65,96.0,4.4,10
1402,2023-05-03,Store F,Mississauga,Electronics,2191.68,39.0,3.4,0
1403,2023-10-24,Store A,Toronto,Sports,1982.38,96.0,4.5,25
1404,2024-04-10,Store E,Kingston,Home,1701.18,54.0,,20
1405,2024-01-09,Store H,Windsor,Electronics,1687.21,79.0,4.4,0
1406,2025-12-22,Store D,London,Electronics,,112.0,4.6,20
1407,2024-10-03,Store D,London,Sports,1947.42,91.0,4.9,0
1408,2023-10-12,Store D,London,Home,2186.45,80.0,3.9,5
1409,2023-08-11,Store H,Windsor,Food,1582.18,49.0,5.0,10
1410,2025-12-01,Store A,Toronto,Clothing,2356.42,129.0,3.9,5
1411,2023-03-11,Store B,Ottawa,Books,1357.5,,4.2,0
1412,2025-02-19,Store F,Mississauga,Clothing,2089.72,126.0,3.9,10
1413,2024-08-22,Store D,London,Food,1854.97,25.0,4.2,10
1414,2025-11-26,Store G,Waterloo,Clothing,2431.55,63.0,5.0,0
1415,2023-09-21,Store A,Toronto,Electronics,1879.06,88.0,3.9,10
1416,2023-08-25,Store D,London,Electronics,1812.41,86.0,4.3,10
1417,2024-11-03,Store G,Waterloo,Home,2370.86,138.0,4.3,10
1418,2024-05-26,Store B,Ottawa,Books,1373.84,88.0,4.6,10
1419,2025-12-03,Store G,Waterloo,Sports,1872.77,84.0,4.9,15
1420,2025-10-11,Store B,Ottawa,Books,1800.23,82.0,4.1,5
1421,2025-02-27,Store G,Waterloo,Books,1713.32,75.0,4.3,0
1422,2025-05-24,Store B,Ottawa,Electronics,1121.79,,3.7,0
1423,2024-10-09,Store H,Windsor,Books,2594.17,95.0,3.8,10
1424,2024-10-20,Store A,Toronto,Books,1744.73,101.0,4.1,0
1425,2025-08-01,Store B,Ottawa,Food,2080.77,128.0,3.8,5
1426,2024-11-02,Store C,Hamilton,Food,2107.22,81.0,4.2,25
1427,2023-06-27,Store C,Hamilton,Books,1364.27,89.0,,5
1428,2023-10-01,Store G,Waterloo,Sports,1238.74,39.0,4.0,0
1429,2025-10-21,Store D,London,Clothing,1477.61,74.0,3.3,15
1430,2024-05-13,Store C,Hamilton,Electronics,1535.45,100.0,3.9,0
1431,2025-07-05,Store A,Toronto,Books,2098.32,103.0,4.0,10
1432,2024-09-09,Store F,Mississauga,Clothing,1747.66,108.0,4.2,20
1433,2024-07-25,Store B,Ottawa,Clothing,1768.91,51.0,3.7,0
1434,2024-01-20,Store D,London,Food,1816.67,42.0,3.4,20
1435,2023-08-15,Store F,Mississauga,Books,1588.5,88.0,4.1,10
1436,2025-07-13,Store A,Toronto,Clothing,1646.81,96.0,3.8,20
1437,2024-04-15,Store D,London,Electronics,1624.06,104.0,4.9,10
1438,2025-02-25,Store E,Kingston,Clothing,787.52,49.0,4.2,10
1439,2025-03-03,Store A,Toronto,,973.05,128.0,4.9,15
1440,2024-07-18,Store C,Hamilton,Clothing,1670.61,75.0,3.7,0
1441,2023-12-05,Store G,Waterloo,Food,2192.25,101.0,4.9,5
1442,2025-10-07,Store C,Hamilton,Food,1304.41,97.0,3.8,10
1443,2025-08-08,Store G,Waterloo,Books,1590.83,91.0,3.9,10
1444,2023-06-20,Store D,London,Sports,2296.44,142.0,3.5,0
1445,2023-12-31,Store D,London,Sports,2361.63,154.0,4.0,5
1446,2025-05-28,Store G,Waterloo,Clothing,1604.71,69.0,4.2,5
1447,2024-10-29,Store B,Ottawa,Home,,65.0,4.1,15
1448,2025-04-05,Store G,Waterloo,Sports,1312.27,46.0,4.1,20
1449,2023-04-13,Store A,Toronto,Food,2170.9,110.0,4.4,15
1450,2023-01-22,Store D,London,Books,1337.42,,,15
1451,2024-03-20,Store C,Hamilton,Books,1002.96,67.0,3.4,10
1452,2025-09-20,Store E,Kingston,Electronics,1399.1,62.0,3.7,5
1453,2023-05-07,Store E,Kingston,Books,754.69,89.0,3.8,5
1454,2024-08-23,Store H,Windsor,Clothing,1684.73,85.0,3.9,5
1455,2025-01-23,Store F,Mississauga,Books,2686.11,115.0,4.3,5
1456,2023-10-31,Store A,Toronto,Food,1928.48,93.0,4.0,0
1457,2024-01-03,Store H,Windsor,Food,879.27,76.0,4.2,5
1458,2023-05-28,Store B,Ottawa,Sports,1858.32,75.0,4.4,0
1459,2025-04-11,Store F,Mississauga,Sports,2173.5,84.0,4.5,10
1460,2025-11-30,Store E,Kingston,Food,2120.49,128.0,3.9,10
1461,2023-12-13,Store C,Hamilton,Food,850.54,104.0,3.6,0
1462,2025-10-08,Store F,Mississauga,Books,1702.04,,3.1,15
1463,2023-01-11,Store E,Kingston,Electronics,750.41,73.0,3.8,20
1464,2023-05-04,Store E,Kingston,Sports,1382.8,84.0,4.0,20
1465,2023-10-11,Store B,Ottawa,Clothing,1135.76,63.0,4.2,10
1466,2024-08-10,Store C,Hamilton,Sports,1399.02,,3.7,0
1467,2025-05-08,Store F,Mississauga,Books,1558.82,83.0,4.2,15
1468,2025-03-24,Store G,Waterloo,Food,7385.839999999999,76.0,4.5,15
1469,2023-05-16,Store B,Ottawa,Food,1477.27,107.0,,25
1470,2025-11-06,Store F,Mississauga,Home,2182.2,163.0,5.0,25
1471,2025-11-26,Store H,Windsor,Books,2245.65,84.0,3.8,10
1472,2024-03-24,Store H,Windsor,Home,1144.42,65.0,4.1,15
1473,2023-07-25,Store B,Ottawa,Food,1508.08,,,15
1474,2023-03-22,Store E,Kingston,Sports,832.27,53.0,3.3,20
1475,2024-10-25,Store F,Mississauga,Books,1051.06,81.0,4.4,20
1476,2025-05-26,Store F,Mississauga,Food,1904.61,93.0,3.7,5
1477,2024-02-01,Store F,Mississauga,Home,1334.13,90.0,4.2,20
1478,2023-09-24,Store D,London,Home,1740.1,93.0,3.2,20
1479,2024-01-19,Store F,Mississauga,Electronics,2426.24,128.0,4.3,20
1480,2025-10-23,Store D,London,Books,2236.3,106.0,4.7,15
1481,2025-02-22,Store H,Windsor,Food,16456.59,79.0,5.0,5
1482,2023-08-17,Store C,Hamilton,Food,2098.18,88.0,4.2,0
1483,2024-07-09,Store B,Ottawa,Sports,1197.28,59.0,4.7,25
1484,2023-06-18,Store D,London,Food,1330.94,,4.3,0
1485,2024-01-03,Store E,Kingston,Clothing,1229.71,,4.8,0
1486,2023-08-22,Store B,Ottawa,Electronics,1809.47,143.0,4.5,20
1487,2024-04-28,Store C,Hamilton,Electronics,1520.48,78.0,4.2,15
1488,2025-09-16,Store A,Toronto,Electronics,1026.83,82.0,4.5,0
1489,2025-05-04,Store E,Kingston,Home,1888.2,33.0,3.9,10
1490,2023-07-31,Store E,Kingston,Food,,98.0,,0
1491,2024-07-10,Store C,Hamilton,Clothing,1620.89,97.0,3.7,0
1492,2025-04-15,Store A,Toronto,Books,1427.18,40.0,4.7,0
1493,2023-01-11,Store E,Kingston,Books,742.39,74.0,4.0,5
1494,2023-06-20,Store A,Toronto,Books,2358.19,109.0,3.6,5
1495,2023-03-03,Store F,Mississauga,Sports,1849.45,74.0,4.2,10
1496,2025-03-27,Store A,Toronto,Electronics,1082.24,124.0,3.4,15
1497,2024-09-13,Store A,Toronto,Clothing,1861.23,117.0,4.7,10
1498,2024-04-22,Store E,Kingston,Clothing,688.17,98.0,5.0,20
1499,2024-06-12,Store A,Toronto,Sports,1375.45,102.0,3.4,5
1500,2023-09-25,Store G,Waterloo,Clothing,2362.66,79.0,4.1,10
1501,2025-09-01,Store C,Hamilton,Home,887.92,69.0,4.1,0
1502,2024-10-06,Store H,Windsor,Sports,1662.75,71.0,4.2,20
1503,2023-12-28,Store B,Ottawa,Food,1748.28,,,5
1504,2023-03-23,Store E,Kingston,Sports,1791.34,51.0,3.8,15
1505,2023-05-04,Store F,Mississauga,Clothing,1604.08,75.0,3.7,20
1506,2023-10-28,Store F,Mississauga,,2948.34,94.0,4.0,0
1507,2025-12-29,Store E,Kingston,Books,2107.68,,3.9,20
1508,2024-08-05,Store B,Ottawa,Books,1900.09,59.0,4.0,15
1509,2024-12-05,Store G,Waterloo,Sports,2245.66,101.0,4.7,10
1510,2025-01-26,Store A,Toronto,Sports,1748.24,128.0,3.5,15
1511,2025-04-08,Store F,Mississauga,Electronics,1362.04,81.0,3.5,25
1512,2023-08-12,Store A,Toronto,Electronics,1682.42,129.0,4.3,0
1513,2023-11-23,Store C,Hamilton,Food,1471.03,112.0,3.7,5
1514,2025-05-29,Store A,Toronto,Books,1234.24,78.0,4.4,0
1515,2025-02-03,Store A,Toronto,Books,1208.29,,4.4,15
1516,2024-09-14,Store H,Windsor,Clothing,1401.92,45.0,4.2,5
1517,2025-11-05,Store F,Mississauga,Sports,2738.24,152.0,3.8,0
1518,2023-04-11,Store C,Hamilton,Home,1555.0,115.0,3.8,15
1519,2023-05-01,Store G,Waterloo,Clothing,1549.93,74.0,4.6,5
1520,2024-04-07,Store C,Hamilton,Clothing,1146.29,78.0,4.7,0
1521,2024-05-05,Store E,Kingston,Clothing,557.31,62.0,4.5,0
1522,2024-07-12,Store C,Hamilton,Food,1109.63,94.0,3.6,5
1523,2023-12-06,Store D,London,Books,2108.41,79.0,3.9,15
1524,2023-03-23,Store B,Ottawa,Home,2177.19,73.0,4.3,15
1525,2024-12-20,Store H,Windsor,Food,2698.82,92.0,4.4,10
1526,2024-01-16,Store C,Hamilton,Home,1748.81,65.0,4.1,15
1527,2025-02-12,Store H,Windsor,Clothing,1153.33,63.0,4.6,25
1528,2023-10-19,Store C,Hamilton,Home,1802.22,68.0,4.3,10
1529,2025-10-16,Store A,Toronto,Home,1855.85,125.0,,5
1530,2024-09-26,Store F,Mississauga,Clothing,1202.3,109.0,,10
1531,2023-09-05,Store H,Windsor,Food,1525.08,113.0,4.4,15
1532,2025-09-08,Store C,Hamilton,Books,1541.46,121.0,4.2,15
1533,2024-09-05,Store G,Waterloo,Food,1448.16,66.0,4.0,15
1534,2023-05-14,Store D,London,Food,1721.24,118.0,3.5,0
1535,2023-03-03,Store F,Mississauga,Home,1568.93,,3.9,25
1536,2025-09-11,Store B,Ottawa,Sports,65.31,113.0,4.3,0
1537,2024-01-11,Store H,Windsor,Home,1644.98,68.0,4.5,0
1538,2023-02-16,Store E,Kingston,Food,173.71,95.0,4.9,0
1539,2023-09-02,Store C,Hamilton,Sports,1280.74,56.0,,25
1540,2024-02-09,Store D,London,Clothing,1108.64,40.0,,0
1541,2024-12-31,Store F,Mississauga,Home,2506.86,118.0,4.0,20
1542,2025-11-08,Store G,Waterloo,Clothing,2263.36,113.0,3.9,0
1543,2025-04-02,Store H,Windsor,Electronics,1619.6,92.0,4.3,10
1544,2023-10-07,Store B,Ottawa,Sports,2193.37,113.0,4.2,0
1545,2024-10-07,Store G,Waterloo,Clothing,1499.98,86.0,4.2,0
1546,2025-07-09,Store E,Kingston,Electronics,1176.55,80.0,3.9,15
1547,2023-08-16,Store F,Mississauga,Books,1724.36,120.0,4.8,5
1548,2025-04-15,Store E,Kingston,Food,988.89,72.0,4.5,0
1549,2025-09-18,Store D,London,Electronics,1596.63,63.0,3.8,10
1550,2025-09-30,Store F,Mississauga,Home,1581.7,62.0,4.6,0
1551,2024-12-21,Store F,Mississauga,Electronics,2157.82,135.0,3.2,5
1552,2024-08-16,Store H,Windsor,Electronics,1274.66,,3.6,15
1553,2025-09-14,Store A,Toronto,Food,2313.91,114.0,4.2,25
1554,2025-04-28,Store D,London,Books,1578.74,99.0,4.9,5
1555,2025-11-27,Store A,Toronto,Sports,2873.56,142.0,3.4,15
1556,2025-02-13,Store B,Ottawa,Books,1203.07,89.0,,10
1557,2024-04-06,Store F,Mississauga,Electronics,2546.15,100.0,4.2,5
1558,2025-06-21,Store A,Toronto,Electronics,1090.12,90.0,3.6,0
1559,2025-04-30,Store B,Ottawa,Sports,2026.99,107.0,4.4,0
1560,2025-02-12,Store E,Kingston,Food,414.58,107.0,4.2,5
1561,2024-12-03,Store A,Toronto,Electronics,2558.24,128.0,4.7,15
1562,2023-06-05,Store A,Toronto,Food,1270.49,,3.9,10
1563,2025-09-10,Store C,Hamilton,Food,,106.0,3.7,25
1564,2025-06-17,Store G,Waterloo,Books,1220.39,65.0,3.9,0
1565,2024-02-05,Store C,Hamilton,Electronics,1274.42,109.0,4.5,15
1566,2025-03-02,Store B,Ottawa,Books,1230.77,67.0,4.0,10
1567,2023-12-16,Store C,Hamilton,Food,1142.17,96.0,3.5,0
1568,2025-10-26,Store B,Ottawa,Books,1666.84,63.0,3.8,5
1569,2023-10-10,Store F,Mississauga,Sports,1810.77,68.0,4.7,0
1570,2023-08-14,Store B,Ottawa,Electronics,1790.89,93.0,4.2,10
1571,2023-02-25,Store B,Ottawa,Books,1463.36,84.0,4.3,20
1572,2023-01-23,Store B,Ottawa,Books,1274.91,96.0,4.7,10
1573,2023-07-22,Store F,Mississauga,Clothing,2827.27,,3.8,5
1574,2023-07-09,Store C,Hamilton,Sports,2223.97,,4.1,25
1575,2025-12-28,Store E,Kingston,Sports,3205.07,99.0,4.3,0
1576,2023-11-24,Store B,Ottawa,Sports,2021.41,99.0,4.5,5
1577,2024-02-25,Store E,Kingston,Food,1478.49,63.0,3.7,15
1578,2023-04-30,Store A,Toronto,Electronics,1362.46,60.0,3.5,5
1579,2024-05-08,Store E,Kingston,Electronics,946.34,56.0,3.7,0
1580,2024-06-19,Store B,Ottawa,Home,2250.6,96.0,4.7,20
1581,2025-06-27,Store H,Windsor,Clothing,,58.0,3.7,15
1582,2023-04-15,Store E,Kingston,Sports,1300.82,91.0,4.1,0
1583,2024-11-27,Store B,Ottawa,Sports,,72.0,4.2,25
1584,2025-06-19,Store H,Windsor,Clothing,1646.33,101.0,3.8,15
1585,2023-06-29,Store C,Hamilton,Home,1301.17,96.0,,25
1586,2023-04-16,Store D,London,Food,1887.26,121.0,,15
1587,2023-09-17,Store E,Kingston,,1683.96,75.0,4.2,5
1588,2025-10-01,Store G,Waterloo,Books,1263.14,55.0,4.5,15
1589,2023-11-26,Store F,Mississauga,Books,2213.26,163.0,4.3,5
1590,2024-08-25,Store G,Waterloo,Books,1548.23,82.0,,0
1591,2023-01-06,Store G,Waterloo,Clothing,1641.0,64.0,,0
1592,2024-05-17,Store H,Windsor,Food,1391.34,111.0,5.0,25
1593,2023-08-15,Store F,Mississauga,Sports,1818.12,149.0,4.0,5
1594,2025-02-16,Store D,London,Food,1603.28,100.0,4.4,0
1595,2023-06-04,Store D,London,Sports,,,4.5,10
1596,2023-12-27,Store E,Kingston,Food,1546.73,66.0,3.2,15
1597,2024-01-01,Store E,Kingston,Food,1199.23,87.0,,0
1598,2024-04-27,Store E,Kingston,Sports,1229.82,,4.1,20
1599,2024-05-13,Store E,Kingston,Sports,1493.61,67.0,3.9,0
1600,2023-07-04,Store H,Windsor,Sports,1436.21,71.0,4.3,10
1601,2023-05-07,Store D,London,Sports,1735.06,109.0,4.4,0
1602,2023-05-14,Store B,Ottawa,Sports,828.89,42.0,3.7,25
1603,2023-08-13,Store F,Mississauga,Sports,1676.31,,4.1,20
1604,2025-02-20,Store C,Hamilton,Books,1585.85,88.0,3.3,10
1605,2023-08-29,Store C,Hamilton,Clothing,1322.64,,3.8,10
1606,2025-07-07,Store G,Waterloo,Home,,89.0,3.4,5
1607,2024-08-13,Store B,Ottawa,Home,1681.46,51.0,4.3,10
1608,2023-10-22,Store F,Mississauga,Sports,1912.67,173.0,,10
1609,2024-11-03,Store B,Ottawa,Sports,2838.78,85.0,,15
1610,2024-10-15,Store F,Mississauga,Electronics,1373.96,69.0,3.9,10
1611,2025-11-04,Store G,Waterloo,Books,1993.89,120.0,4.9,10
1612,2024-02-15,Store B,Ottawa,,2204.25,84.0,3.6,0
1613,2023-10-16,Store G,Waterloo,Sports,1710.42,79.0,3.8,25
1614,2025-08-17,Store A,Toronto,Home,1820.13,123.0,3.6,10
1615,2025-01-25,Store D,London,Electronics,1000.99,,4.0,0
1616,2025-09-23,Store F,Mississauga,Sports,2828.86,94.0,3.6,10
1617,2025-01-07,Store G,Waterloo,Electronics,1778.46,81.0,4.1,25
1618,2025-07-18,Store G,Waterloo,Electronics,2131.43,80.0,4.4,0
1619,2024-03-26,Store A,Toronto,Clothing,1155.0,85.0,3.9,5
1620,2023-11-21,Store A,Toronto,Home,1684.85,150.0,4.0,5
1621,2025-01-05,Store D,London,Books,1436.47,30.0,3.7,15
1622,2023-01-16,Store E,Kingston,Home,992.05,88.0,4.5,10
1623,2023-06-21,Store H,Windsor,Food,1569.41,116.0,4.2,20
1624,2025-07-11,Store F,Mississauga,,1806.3,101.0,4.2,0
1625,2025-04-29,Store E,Kingston,Home,1789.66,,3.7,25
1626,2023-08-07,Store D,London,Sports,1930.5,125.0,4.3,20
1627,2023-11-11,Store A,Toronto,Electronics,2798.75,130.0,4.6,5
1628,2025-05-05,Store A,Toronto,Food,2310.74,62.0,3.7,5
1629,2025-04-29,Store D,London,Sports,798.87,107.0,3.9,10
1630,2024-10-01,Store A,Toronto,Books,1408.67,73.0,4.2,15
1631,2023-02-06,Store B,Ottawa,Books,1008.69,33.0,,0
1632,2023-06-10,Store E,Kingston,Sports,1452.94,98.0,4.2,10
1633,2025-03-03,Store D,London,Food,2876.95,51.0,4.6,25
1634,2025-02-17,Store H,Windsor,Home,527.85,48.0,3.7,10
1635,2025-06-30,Store D,London,Clothing,2744.85,61.0,3.7,0
1636,2024-02-10,Store H,Windsor,Home,1049.32,62.0,3.7,10
1637,2024-01-10,Store B,Ottawa,Clothing,1318.19,69.0,4.1,20
1638,2023-05-24,Store F,Mississauga,Sports,2538.91,73.0,4.4,10
1639,2024-11-10,Store C,Hamilton,Sports,1585.68,62.0,4.0,20
1640,2023-07-24,Store B,Ottawa,Clothing,,69.0,4.1,10
1641,2023-07-07,Store F,Mississauga,Sports,1856.66,104.0,3.9,15
1642,2024-12-11,Store G,Waterloo,Clothing,2734.94,72.0,3.6,5
1643,2025-06-19,Store G,Waterloo,Clothing,1083.6,97.0,3.4,0
1644,2023-05-05,Store D,London,Home,2430.8,93.0,4.2,0
1645,2024-05-19,Store D,London,Clothing,2277.93,,3.6,10
1646,2025-08-07,Store C,Hamilton,Clothing,1950.21,41.0,4.4,20
1647,2023-07-28,Store E,Kingston,Books,1567.79,83.0,4.0,15
1648,2024-10-01,Store D,London,Electronics,2385.83,91.0,4.5,5
1649,2025-12-31,Store A,Toronto,Books,2529.4,120.0,3.6,10
1650,2024-09-04,Store F,Mississauga,Sports,2547.87,86.0,4.0,0
1651,2023-01-08,Store E,Kingston,Food,872.48,44.0,4.2,10
1652,2025-06-26,Store G,Waterloo,Clothing,1353.07,84.0,4.3,10
1653,2025-01-13,Store F,Mississauga,Books,2210.16,108.0,4.7,5
1654,2023-09-21,Store G,Waterloo,Clothing,1424.88,97.0,4.1,5
1655,2023-07-30,Store G,Waterloo,Food,652.4,82.0,4.7,20
1656,2025-08-30,Store B,Ottawa,Electronics,1515.15,67.0,4.4,10
1657,2025-09-01,Store E,Kingston,Food,1519.61,59.0,4.1,10
1658,2023-03-17,Store E,Kingston,Sports,756.06,91.0,4.0,0
1659,2024-12-19,Store H,Windsor,Electronics,16474.14,105.0,4.2,0
1660,2025-08-10,Store C,Hamilton,Home,1659.65,49.0,,10
1661,2024-11-09,Store H,Windsor,Food,2007.7,102.0,4.1,25
1662,2025-06-19,Store H,Windsor,Electronics,606.2,94.0,4.2,10
1663,2024-01-31,Store G,Waterloo,Clothing,1410.19,100.0,3.8,10
1664,2025-11-12,Store C,Hamilton,Home,2047.01,67.0,4.0,15
1665,2023-09-12,Store E,Kingston,Electronics,869.34,92.0,,20
1666,2023-10-11,Store H,Windsor,Electronics,2240.4,57.0,4.2,10
1667,2025-04-18,Store C,Hamilton,,946.5,69.0,3.4,5
1668,2023-03-15,Store G,Waterloo,Electronics,1102.74,,4.2,10
1669,2023-09-01,Store G,Waterloo,Electronics,2013.74,90.0,,25
1670,2023-09-05,Store F,Mississauga,Food,2063.71,83.0,4.8,20
1671,2024-03-10,Store F,Mississauga,Electronics,2121.54,102.0,,10
1672,2025-04-01,Store C,Hamilton,Books,1612.3,78.0,4.2,15
1673,2025-09-12,Store C,Hamilton,Home,931.04,33.0,4.4,5
1674,2025-10-22,Store G,Waterloo,Clothing,1368.27,92.0,4.5,15
1675,2023-11-17,Store C,Hamilton,Food,1560.06,65.0,4.4,25
1676,2025-04-20,Store H,Windsor,Clothing,1785.3,,2.5,0
1677,2024-09-03,Store E,Kingston,Sports,1297.32,99.0,4.2,25
1678,2024-02-05,Store D,London,Food,1195.38,106.0,,10
1679,2023-03-03,Store G,Waterloo,Clothing,2540.1,78.0,3.8,10
1680,2023-09-30,Store C,Hamilton,Books,2378.36,81.0,4.2,5
1681,2024-06-14,Store B,Ottawa,Home,2922.36,73.0,3.7,20
1682,2025-01-11,Store A,Toronto,Books,2166.32,88.0,3.2,0
1683,2025-04-03,Store B,Ottawa,Books,1340.74,79.0,4.7,5
1684,2025-04-08,Store H,Windsor,Clothing,1999.1,35.0,3.3,5
1685,2024-06-03,Store A,Toronto,Books,2181.02,112.0,3.5,25
1686,2025-05-03,Store D,London,Sports,1542.13,78.0,4.0,20
1687,2023-05-29,Store H,Windsor,Clothing,1892.96,73.0,4.8,10
1688,2023-10-17,Store H,Windsor,Food,1085.04,97.0,3.7,0
1689,2025-04-12,Store D,London,Home,1811.08,114.0,,5
1690,2025-12-10,Store A,Toronto,Books,2590.05,81.0,3.9,5
1691,2023-07-18,Store E,Kingston,Food,,40.0,4.6,15
1692,2023-12-02,Store H,Windsor,Sports,1443.27,68.0,4.7,10
1693,2025-03-01,Store F,Mississauga,Home,1714.94,111.0,3.9,0
1694,2024-08-31,Store C,Hamilton,Electronics,1734.2,113.0,3.8,10
1695,2023-10-18,Store D,London,Electronics,1964.63,69.0,4.3,0
1696,2023-11-11,Store F,Mississauga,Home,2143.5,168.0,4.5,5
1697,2025-07-24,Store A,Toronto,Electronics,2504.68,45.0,3.8,5
1698,2025-05-14,Store B,Ottawa,Books,1360.28,67.0,4.7,10
1699,2023-04-16,Store E,Kingston,Electronics,1276.2,97.0,4.0,10
1700,2024-12-25,Store G,Waterloo,Clothing,430.58,48.0,4.1,20
1701,2023-05-23,Store E,Kingston,Clothing,743.43,59.0,4.6,10
1702,2023-08-31,Store A,Toronto,,1683.82,93.0,3.6,5
1703,2025-10-14,Store G,Waterloo,Clothing,896.36,73.0,4.7,5
1704,2024-07-11,Store G,Waterloo,Electronics,1727.47,97.0,4.2,20
1705,2023-06-29,Store A,Toronto,Clothing,2413.76,144.0,4.0,25
1706,2023-03-01,Store E,Kingston,Clothing,1309.16,77.0,3.3,5
1707,2025-10-18,Store D,London,Books,1698.52,78.0,4.0,15
1708,2024-05-18,Store C,Hamilton,Electronics,1578.41,120.0,4.6,0
1709,2024-12-09,Store C,Hamilton,Home,1203.53,112.0,5.0,5
1710,2024-11-05,Store F,Mississauga,Food,3079.15,152.0,4.7,25
1711,2023-02-12,Store B,Ottawa,Clothing,959.96,129.0,4.2,0
1712,2023-01-02,Store C,Hamilton,Electronics,1971.68,80.0,4.4,15
1713,2025-07-08,Store A,Toronto,Electronics,1930.08,112.0,4.7,5
1714,2023-04-25,Store G,Waterloo,Home,1404.54,55.0,3.7,0
1715,2023-02-28,Store H,Windsor,Food,1518.09,80.0,3.9,15
1716,2023-12-23,Store D,London,Clothing,2000.96,,3.7,10
1717,2025-02-20,Store A,Toronto,Electronics,1534.42,64.0,4.4,5
1718,2023-06-21,Store E,Kingston,,1414.63,97.0,4.1,15
1719,2024-04-28,Store F,Mississauga,Sports,1761.07,74.0,4.2,15
1720,2025-02-14,Store H,Windsor,Sports,1339.13,75.0,4.5,0
1721,2023-11-29,Store C,Hamilton,Electronics,1643.64,82.0,4.4,15
1722,2025-02-20,Store A,Toronto,Food,2244.23,129.0,4.4,20
1723,2025-10-04,Store F,Mississauga,Sports,2408.86,101.0,,5
1724,2024-03-29,Store B,Ottawa,Sports,1356.87,66.0,3.4,5
1725,2023-07-29,Store G,Waterloo,Sports,2049.71,100.0,,0
1726,2025-11-07,Store D,London,Books,2489.1,124.0,3.9,10
1727,2025-09-20,Store C,Hamilton,Clothing,1253.04,54.0,4.6,0
1728,2023-05-28,Store A,Toronto,Electronics,1885.78,111.0,4.4,5
1729,2023-03-08,Store B,Ottawa,Clothing,1257.54,125.0,4.2,5
1730,2024-05-21,Store F,Mississauga,Sports,,97.0,3.3,0
1731,2023-07-22,Store C,Hamilton,Books,1629.29,109.0,4.2,15
1732,2024-11-28,Store C,Hamilton,Electronics,1263.8,54.0,3.5,0
1733,2023-01-16,Store C,Hamilton,Books,1486.72,114.0,4.5,5
1734,2024-09-15,Store B,Ottawa,Clothing,1522.75,106.0,4.3,20
1735,2023-05-28,Store E,Kingston,Sports,1693.7,78.0,4.1,0
1736,2023-01-04,Store G,Waterloo,Electronics,2361.93,56.0,4.0,10
1737,2025-02-10,Store G,Waterloo,Electronics,2328.92,79.0,4.0,15
1738,2023-07-03,Store E,Kingston,Sports,964.8,103.0,3.9,15
1739,2024-02-12,Store F,Mississauga,Sports,1854.15,120.0,3.9,15
1740,2025-12-18,Store B,Ottawa,Home,1295.44,118.0,3.5,10
1741,2024-04-16,Store E,Kingston,Books,1936.13,112.0,4.6,20
1742,2023-09-06,Store G,Waterloo,Electronics,1086.1,83.0,4.3,5
1743,2023-06-30,Store F,Mississauga,Electronics,1499.0,115.0,4.3,10
1744,2023-01-12,Store G,Waterloo,Electronics,1631.08,87.0,4.4,10
1745,2025-08-19,Store B,Ottawa,Electronics,1933.07,110.0,4.3,0
1746,2023-08-27,Store B,Ottawa,Clothing,1848.15,,3.8,0
1747,2023-10-04,Store A,Toronto,Sports,2491.6,44.0,4.4,5
1748,2024-10-31,Store G,Waterloo,Electronics,1917.9,21.0,4.6,5
1749,2023-02-06,Store G,Waterloo,Books,1665.13,90.0,3.3,15
1750,2024-05-15,Store E,Kingston,Sports,1337.32,,4.3,10
1751,2023-06-20,Store C,Hamilton,Books,1290.57,81.0,4.6,0
1752,2024-07-07,Store D,London,Books,875.32,123.0,4.1,20
1753,2024-12-06,Store B,Ottawa,Home,2434.77,125.0,3.8,0
1754,2024-12-16,Store A,Toronto,Food,2294.37,159.0,4.3,15
1755,2024-12-24,Store F,Mississauga,Food,2242.29,112.0,3.6,10
1756,2025-10-16,Store F,Mississauga,Food,2370.58,97.0,3.8,5
1757,2025-10-22,Store F,Mississauga,Electronics,2493.34,93.0,3.4,0
1758,2025-09-27,Store F,Mississauga,Food,1786.08,105.0,3.6,25
1759,2023-05-13,Store F,Mississauga,Home,1935.8,72.0,4.4,0
1760,2025-05-12,Store F,Mississauga,Home,,80.0,4.2,15
1761,2024-06-28,Store H,Windsor,Electronics,1543.3,,4.1,25
1762,2023-01-10,Store D,London,Food,1461.02,111.0,4.5,5
1763,2024-06-20,Store B,Ottawa,Home,2251.01,138.0,,5
1764,2023-01-03,Store C,Hamilton,Food,1423.16,100.0,4.0,0
1765,2023-09-05,Store A,Toronto,Home,1789.81,116.0,3.9,10
1766,2025-12-08,Store H,Windsor,Sports,1403.19,141.0,4.5,25
1767,2024-04-12,Store C,Hamilton,Clothing,1031.15,66.0,4.9,10
1768,2025-01-29,Store D,London,Clothing,2076.31,102.0,4.6,5
1769,2024-05-13,Store C,Hamilton,Clothing,1261.63,89.0,5.0,10
1770,2023-09-24,Store B,Ottawa,Food,1004.88,,5.0,0
1771,2025-03-16,Store D,London,Home,,96.0,3.6,5
1772,2025-09-20,Store B,Ottawa,Electronics,1666.37,36.0,3.4,10
1773,2025-11-27,Store H,Windsor,Electronics,2553.38,88.0,3.4,0
1774,2023-09-06,Store C,Hamilton,Sports,371.42,,,15
1775,2023-06-19,Store D,London,Home,1974.26,83.0,4.7,5
1776,2025-07-07,Store B,Ottawa,Books,1958.54,36.0,4.0,20
1777,2023-06-27,Store A,Toronto,Food,2048.35,,4.1,10
1778,2025-11-03,Store F,Mississauga,Clothing,2856.58,111.0,4.0,5
1779,2024-01-22,Store C,Hamilton,Clothing,2231.18,90.0,3.5,0
1780,2025-10-07,Store B,Ottawa,Electronics,2226.63,102.0,3.6,0
1781,2025-03-12,Store A,Toronto,Home,1839.47,81.0,4.2,15
1782,2023-09-18,Store A,Toronto,Sports,1060.26,73.0,4.0,20
1783,2025-09-07,Store F,Mississauga,Clothing,2231.37,116.0,3.5,5
1784,2025-01-11,Store A,Toronto,Electronics,2639.49,60.0,4.3,10
1785,2023-05-29,Store F,Mississauga,Electronics,2051.35,111.0,4.0,5
1786,2024-09-03,Store H,Windsor,Sports,1491.62,101.0,4.9,0
1787,2023-11-30,Store D,London,Books,1939.6,74.0,4.9,10
1788,2025-07-12,Store D,London,Clothing,2046.52,71.0,3.7,5
1789,2024-01-31,Store B,Ottawa,Home,1372.8,53.0,3.3,0
1790,2023-04-09,Store B,Ottawa,Food,1229.68,81.0,4.3,0
1791,2025-04-20,Store A,Toronto,Clothing,1627.29,81.0,5.0,20
1792,2024-11-21,Store G,Waterloo,Home,2717.18,91.0,3.8,10
1793,2025-08-28,Store A,Toronto,Food,2738.71,62.0,3.8,15
1794,2023-05-11,Store D,London,Food,1360.66,81.0,4.5,10
1795,2025-09-06,Store F,Mississauga,Food,1693.55,155.0,4.5,15
1796,2024-09-27,Store G,Waterloo,Clothing,1631.18,77.0,4.4,5
1797,2024-04-01,Store E,Kingston,Electronics,1536.08,84.0,4.9,20
1798,2024-05-09,Store E,Kingston,Sports,1306.03,91.0,4.5,0
1799,2023-05-17,Store C,Hamilton,Books,1667.88,64.0,3.9,0
1800,2025-10-18,Store E,Kingston,Food,1379.74,25.0,,5
1801,2023-02-02,Store H,Windsor,,1567.72,61.0,4.6,5
1802,2025-10-24,Store G,Waterloo,,1481.77,50.0,4.4,20
1803,2024-08-01,Store B,Ottawa,Clothing,2020.83,61.0,4.6,20
1804,2025-01-12,Store E,Kingston,Sports,1287.66,47.0,3.8,20
1805,2025-02-12,Store A,Toronto,,2116.18,127.0,3.8,5
1806,2024-11-15,Store B,Ottawa,Home,2491.52,104.0,4.3,5
1807,2023-02-05,Store F,Mississauga,Electronics,1367.59,103.0,3.0,5
1808,2024-04-29,Store E,Kingston,Electronics,717.52,,,10
1809,2024-11-22,Store F,Mississauga,Clothing,2950.39,150.0,3.7,20
1810,2024-11-30,Store G,Waterloo,Books,1821.48,95.0,3.8,5
1811,2023-09-16,Store A,Toronto,Food,1458.04,60.0,3.8,25
1812,2023-07-17,Store C,Hamilton,Home,1121.49,61.0,4.5,10
1813,2023-05-04,Store G,Waterloo,Sports,962.2,104.0,3.7,0
1814,2025-08-14,Store A,Toronto,Electronics,2103.71,102.0,4.1,20
1815,2024-10-14,Store G,Waterloo,Electronics,1865.24,58.0,4.3,20
1816,2023-09-30,Store F,Mississauga,Food,2017.79,100.0,4.8,0
1817,2023-05-20,Store E,Kingston,Books,1417.73,43.0,3.8,10
1818,2024-09-23,Store H,Windsor,Home,,,,5
1819,2024-11-23,Store F,Mississauga,Food,2159.46,147.0,4.2,0
1820,2024-01-04,Store D,London,Home,2135.19,93.0,4.0,5
1821,2024-08-23,Store C,Hamilton,Home,1734.43,70.0,4.2,20
1822,2025-07-19,Store C,Hamilton,Clothing,1115.0,113.0,4.3,0
1823,2025-08-27,Store D,London,Electronics,1976.84,148.0,3.9,10
1824,2024-02-08,Store F,Mississauga,Electronics,1327.86,94.0,4.6,5
1825,2024-12-30,Store G,Waterloo,,1234.42,84.0,4.6,0
1826,2024-10-19,Store E,Kingston,Clothing,631.88,93.0,3.5,20
1827,2024-04-05,Store C,Hamilton,Sports,1899.24,,3.7,0
1828,2024-09-24,Store F,Mississauga,Food,1989.42,103.0,4.4,25
1829,2025-05-01,Store C,Hamilton,Sports,948.98,88.0,3.9,15
1830,2025-02-02,Store A,Toronto,Food,1569.03,,,25
1831,2025-06-12,Store C,Hamilton,,1752.46,53.0,4.2,15
1832,2024-11-11,Store A,Toronto,Electronics,2072.18,160.0,3.9,5
1833,2023-09-10,Store E,Kingston,Sports,1062.75,,,10
1834,2024-10-14,Store A,Toronto,Home,2529.79,56.0,4.8,25
1835,2024-10-31,Store F,Mississauga,,2210.93,87.0,3.1,15
1836,2024-01-30,Store A,Toronto,Sports,2476.23,81.0,4.9,5
1837,2024-02-02,Store E,Kingston,Books,1646.98,59.0,4.0,15
1838,2023-05-26,Store C,Hamilton,Books,1210.23,99.0,4.7,25
1839,2024-04-23,Store F,Mississauga,Electronics,1430.48,116.0,3.4,25
1840,2025-10-24,Store F,Mississauga,Clothing,3117.0,75.0,4.2,15
1841,2023-07-23,Store F,Mississauga,Food,2318.91,88.0,3.4,0
1842,2025-06-21,Store D,London,Electronics,1708.7,91.0,3.6,10
1843,2023-09-07,Store G,Waterloo,Electronics,1424.1,41.0,3.9,25
1844,2023-04-14,Store E,Kingston,Food,1612.98,69.0,5.0,0
1845,2024-12-28,Store A,Toronto,Clothing,1814.85,138.0,4.2,15
1846,2024-07-10,Store D,London,Home,1420.52,102.0,4.1,20
1847,2023-07-23,Store F,Mississauga,Clothing,21817.68,137.0,4.0,15
1848,2025-10-05,Store F,Mississauga,Electronics,1399.04,84.0,4.2,10
1849,2024-05-02,Store H,Windsor,Sports,1138.56,87.0,3.1,15
1850,2023-03-27,Store D,London,Home,1355.63,,4.0,20
1851,2023-03-10,Store D,London,Books,1343.25,99.0,4.3,20
1852,2024-08-05,Store D,London,Clothing,1905.5,80.0,4.9,10
1853,2023-02-19,Store B,Ottawa,Home,1254.3,52.0,3.7,5
1854,2025-06-29,Store B,Ottawa,Electronics,1823.83,120.0,3.9,25
1855,2024-12-24,Store C,Hamilton,Food,1880.81,105.0,3.9,25
1856,2025-10-28,Store B,Ottawa,Home,1738.74,58.0,3.6,10
1857,2025-03-06,Store A,Toronto,Books,1104.8,90.0,4.3,15
1858,2025-07-21,Store G,Waterloo,Electronics,1401.88,,3.9,0
1859,2025-11-06,Store E,Kingston,Food,2649.23,54.0,4.7,25
1860,2023-01-02,Store G,Waterloo,Clothing,1073.42,53.0,4.4,15
1861,2023-02-25,Store F,Mississauga,Home,2033.01,113.0,4.8,10
1862,2024-12-01,Store F,Mississauga,Clothing,17231.2,108.0,3.8,15
1863,2023-10-22,Store G,Waterloo,Electronics,,56.0,,5
1864,2023-11-26,Store F,Mississauga,Sports,2249.55,146.0,4.5,5
1865,2024-05-24,Store A,Toronto,Sports,1449.89,129.0,4.1,0
1866,2025-12-25,Store B,Ottawa,Sports,1075.26,146.0,3.5,5
1867,2025-07-11,Store G,Waterloo,Sports,1100.67,115.0,3.3,0
1868,2023-05-03,Store B,Ottawa,Home,1505.29,117.0,4.4,15
1869,2025-07-31,Store A,Toronto,Books,2626.24,77.0,3.3,20
1870,2024-11-07,Store E,Kingston,Electronics,1637.61,84.0,4.1,15
1871,2023-08-11,Store H,Windsor,Home,705.32,63.0,4.5,0
1872,2025-09-12,Store G,Waterloo,Home,836.85,70.0,4.1,0
1873,2024-10-30,Store F,Mississauga,Books,2367.75,30.0,4.3,10
1874,2025-04-05,Store B,Ottawa,Electronics,,80.0,3.3,15
1875,2023-02-11,Store F,Mississauga,Food,2172.39,55.0,3.6,20
1876,2023-01-15,Store C,Hamilton,Books,,83.0,4.3,5
1877,2024-01-09,Store D,London,Food,1217.98,88.0,3.4,5
1878,2025-05-18,Store E,Kingston,Sports,1618.62,55.0,3.6,5
1879,2024-12-04,Store A,Toronto,Food,2877.11,113.0,4.0,10
1880,2025-07-12,Store C,Hamilton,Sports,1731.91,69.0,3.7,5
1881,2024-03-20,Store C,Hamilton,Electronics,2043.28,70.0,3.5,10
1882,2025-12-03,Store C,Hamilton,Clothing,1751.66,123.0,4.8,0
1883,2023-04-03,Store A,Toronto,Electronics,1787.05,97.0,4.0,20
1884,2025-01-31,Store B,Ottawa,Books,1753.49,,5.0,0
1885,2024-07-08,Store H,Windsor,Food,1897.39,92.0,4.1,10
1886,2024-07-18,Store E,Kingston,Books,1559.78,81.0,4.1,0
1887,2025-04-04,Store E,Kingston,Books,476.63,34.0,4.3,0
1888,2024-01-22,Store B,Ottawa,Books,10776.43,77.0,3.9,0
1889,2025-10-28,Store E,Kingston,Sports,1091.51,83.0,4.7,20
1890,2025-12-10,Store H,Windsor,Food,2760.21,91.0,3.7,5
1891,2024-11-29,Store E,Kingston,Books,2192.9,105.0,4.4,25
1892,2023-09-12,Store D,London,Books,1812.3,76.0,4.4,0
1893,2025-03-06,Store E,Kingston,,558.5,71.0,4.1,10
1894,2023-12-02,Store E,Kingston,Food,2633.01,98.0,4.0,10
1895,2023-08-26,Store G,Waterloo,Clothing,1673.64,85.0,4.9,0
1896,2023-05-30,Store F,Mississauga,Clothing,1835.58,91.0,4.6,10
1897,2025-05-26,Store E,Kingston,Food,,5.0,4.7,20
1898,2024-06-10,Store B,Ottawa,Books,2540.99,28.0,4.0,0
1899,2023-01-19,Store D,London,Books,1190.7,107.0,4.2,5
1900,2024-05-04,Store B,Ottawa,Food,1346.84,74.0,3.3,10
1901,2025-04-11,Store B,Ottawa,Food,1481.58,78.0,4.1,0
1902,2023-03-06,Store A,Toronto,Clothing,1641.22,98.0,3.4,0
1903,2023-12-02,Store G,Waterloo,Electronics,2390.64,88.0,4.0,5
1904,2024-01-04,Store D,London,Food,1011.33,76.0,4.5,10
1905,2024-07-03,Store C,Hamilton,Food,2143.07,116.0,2.8,0
1906,2024-08-11,Store F,Mississauga,Electronics,2658.23,99.0,4.3,20
1907,2024-12-22,Store E,Kingston,Sports,2146.81,43.0,4.0,15
1908,2023-06-08,Store H,Windsor,Electronics,1911.46,55.0,4.6,5
1909,2023-03-30,Store B,Ottawa,Sports,1696.07,74.0,4.9,20
1910,2024-03-31,Store A,Toronto,Electronics,1461.31,107.0,3.9,15
1911,2024-02-23,Store C,Hamilton,Food,1800.69,33.0,4.8,20
1912,2024-08-22,Store E,Kingston,Clothing,1987.43,56.0,4.2,5
1913,2025-01-10,Store C,Hamilton,Clothing,,25.0,,10
1914,2025-02-13,Store G,Waterloo,Home,1325.99,36.0,3.8,10
1915,2025-10-28,Store B,Ottawa,Books,1375.12,44.0,4.0,10
1916,2024-03-09,Store C,Hamilton,Books,1281.62,99.0,4.0,25
1917,2023-08-09,Store H,Windsor,Electronics,1695.98,,3.3,10
1918,2025-12-24,Store F,Mississauga,Clothing,2039.17,174.0,3.9,10
1919,2023-11-02,Store C,Hamilton,Home,1981.63,,3.8,15
1920,2025-02-11,Store H,Windsor,Food,1620.69,54.0,3.9,20
1921,2023-09-16,Store B,Ottawa,Sports,,98.0,4.5,5
1922,2024-12-01,Store E,Kingston,Clothing,1653.08,97.0,4.2,20
1923,2023-04-29,Store H,Windsor,Books,1390.22,65.0,3.8,5
1924,2025-10-03,Store D,London,Food,1399.81,97.0,3.6,0
1925,2023-09-24,Store A,Toronto,Electronics,1923.65,74.0,3.9,0
1926,2025-11-09,Store A,Toronto,Home,2979.39,131.0,4.2,0
1927,2025-08-24,Store B,Ottawa,Sports,2112.37,58.0,3.6,20
1928,2024-12-27,Store H,Windsor,Clothing,385.14,109.0,3.8,15
1929,2025-09-30,Store H,Windsor,Sports,1039.69,65.0,3.8,25
1930,2025-12-20,Store A,Toronto,Home,2740.18,125.0,3.4,0
1931,2023-04-20,Store E,Kingston,Food,1463.62,84.0,4.5,25
1932,2025-05-21,Store G,Waterloo,Books,1543.54,107.0,3.7,20
1933,2025-11-02,Store E,Kingston,Clothing,2265.82,101.0,4.3,5
1934,2023-09-09,Store B,Ottawa,Home,,133.0,,0
1935,2024-11-29,Store F,Mississauga,Home,2794.04,160.0,4.0,10
1936,2023-11-14,Store F,Mississauga,Food,2362.78,,3.9,25
1937,2024-09-23,Store F,Mississauga,Home,1582.89,69.0,3.6,5
1938,2025-10-07,Store A,Toronto,Electronics,1424.65,118.0,4.0,0
1939,2023-01-06,Store A,Toronto,Clothing,,106.0,,5
1940,2023-09-20,Store A,Toronto,Clothing,1776.15,96.0,4.0,15
1941,2025-05-06,Store E,Kingston,Clothing,1408.78,70.0,4.3,15
1942,2023-12-26,Store E,Kingston,,1107.92,131.0,3.8,5
1943,2025-06-20,Store G,Waterloo,Clothing,1283.46,101.0,4.3,5
1944,2023-12-16,Store C,Hamilton,Home,2361.1,158.0,4.0,0
1945,2025-09-18,Store B,Ottawa,Clothing,1922.53,,4.4,10
1946,2025-11-07,Store H,Windsor,Books,1558.72,84.0,,15
1947,2024-05-07,Store B,Ottawa,Home,1213.43,105.0,4.1,20
1948,2024-12-31,Store E,Kingston,Sports,1898.96,85.0,4.0,15
1949,2024-06-22,Store F,Mississauga,Electronics,1808.09,120.0,4.5,10
1950,2023-12-04,Store D,London,Home,2114.97,101.0,4.9,0
1951,2023-01-28,Store E,Kingston,Clothing,1060.01,28.0,3.9,0
1952,2023-08-13,Store D,London,Books,2111.98,121.0,4.2,10
1953,2025-11-09,Store E,Kingston,Electronics,1901.65,133.0,4.1,0
1954,2025-10-10,Store D,London,Home,2043.1,93.0,3.7,15
1955,2023-06-18,Store D,London,Home,1907.5,89.0,4.6,15
1956,2025-11-19,Store E,Kingston,Books,1993.31,,3.4,25
1957,2025-01-28,Store E,Kingston,Clothing,663.59,149.0,4.6,15
1958,2023-06-18,Store F,Mississauga,Clothing,2020.98,65.0,4.2,20
1959,2024-04-08,Store E,Kingston,Food,454.71,40.0,4.7,25
1960,2023-06-08,Store C,Hamilton,Electronics,,62.0,3.7,5
1961,2023-12-25,Store F,Mississauga,Food,2194.1,176.0,4.1,15
1962,2023-04-03,Store F,Mississauga,Sports,2021.53,120.0,,20
1963,2023-11-12,Store D,London,Books,1767.41,104.0,4.3,5
1964,2025-05-23,Store F,Mississauga,Sports,1875.76,85.0,4.2,0
1965,2024-03-23,Store G,Waterloo,Home,1161.77,55.0,3.8,20
1966,2023-01-10,Store C,Hamilton,Food,1152.83,82.0,4.1,0
1967,2024-02-12,Store E,Kingston,Food,1149.94,19.0,4.8,5
1968,2023-02-16,Store H,Windsor,Home,1031.03,,4.3,10
1969,2023-04-28,Store G,Waterloo,Home,1010.79,91.0,4.0,0
1970,2024-07-23,Store G,Waterloo,Electronics,1865.43,,4.3,5
1971,2023-07-27,Store D,London,Clothing,2053.24,,3.9,0
1972,2024-03-27,Store E,Kingston,Food,1202.83,,3.1,10
1973,2025-10-22,Store A,Toronto,Books,2110.55,106.0,4.3,0
1974,2025-11-26,Store A,Toronto,Clothing,2287.13,120.0,4.5,0
1975,2025-04-20,Store G,Waterloo,Food,1492.38,104.0,2.9,0
1976,2024-06-29,Store E,Kingston,Books,1554.87,82.0,4.9,0
1977,2025-05-13,Store B,Ottawa,Home,1217.11,63.0,4.1,15
1978,2025-03-18,Store H,Windsor,Sports,1513.07,79.0,3.7,15
1979,2024-04-23,Store B,Ottawa,Sports,1785.83,81.0,3.9,20
1980,2024-06-26,Store E,Kingston,Books,1546.23,73.0,3.4,5
1981,2024-12-15,Store C,Hamilton,Home,1927.73,90.0,3.8,10
1982,2024-07-02,Store F,Mississauga,Books,1040.62,153.0,4.5,15
1983,2025-01-28,Store D,London,Food,3080.4,83.0,4.1,5
1984,2023-04-14,Store E,Kingston,Food,1519.03,24.0,4.0,0
1985,2025-08-10,Store E,Kingston,Food,1374.89,52.0,3.0,25
1986,2023-07-19,Store G,Waterloo,Sports,1438.95,178.0,3.5,0
1987,2023-05-11,Store C,Hamilton,Electronics,398.95,82.0,4.1,0
1988,2023-05-24,Store G,Waterloo,Books,1245.38,71.0,4.7,10
1989,2024-03-11,Store E,Kingston,Clothing,1216.98,100.0,4.3,5
1990,2024-07-03,Store D,London,Books,1938.06,128.0,4.0,10
1991,2024-10-09,Store G,Waterloo,Food,954.48,76.0,3.9,5
1992,2023-11-20,Store D,London,Books,2616.74,,4.3,20
1993,2024-10-23,Store C,Hamilton,Sports,648.06,79.0,3.8,10
1994,2025-01-27,Store B,Ottawa,Books,1413.92,38.0,4.0,25
1995,2025-03-29,Store A,Toronto,Home,1766.83,65.0,,15
1996,2025-03-27,Store E,Kingston,Sports,1181.32,49.0,3.9,10
1997,2024-03-04,Store H,Windsor,Electronics,856.22,40.0,3.3,10
1998,2025-11-27,Store F,Mississauga,Sports,2615.97,139.0,3.9,5
1999,2023-07-19,Store D,London,Clothing,1968.96,92.0,3.5,15
2000,2024-11-11,Store G,Waterloo,Electronics,1772.25,99.0,3.8,20
2001,2025-08-06,Store C,Hamilton,Home,2193.44,83.0,3.6,5
2002,2023-04-02,Store E,Kingston,,1475.75,81.0,4.3,10
2003,2024-06-14,Store A,Toronto,Home,2231.13,126.0,3.9,0
2004,2025-08-17,Store D,London,Electronics,1339.69,23.0,4.2,0
2005,2023-10-14,Store E,Kingston,Sports,1476.18,73.0,3.9,5
2006,2024-11-18,Store D,London,Sports,2677.97,144.0,4.5,5
2007,2023-05-11,Store H,Windsor,Books,1349.69,61.0,4.2,0
2008,2025-10-17,Store G,Waterloo,Clothing,1007.12,90.0,4.9,20
2009,2024-02-07,Store B,Ottawa,Electronics,1849.94,80.0,4.3,5
2010,2024-01-11,Store G,Waterloo,,1120.45,73.0,3.6,10
2011,2025-07-29,Store F,Mississauga,Clothing,2537.94,111.0,4.8,25
2012,2023-06-03,Store F,Mississauga,Sports,2022.65,112.0,4.3,10
2013,2025-03-18,Store C,Hamilton,Food,1794.52,35.0,3.7,5
2014,2024-03-20,Store D,London,Electronics,1091.73,112.0,4.6,0
2015,2024-12-26,Store B,Ottawa,Sports,,128.0,3.6,0
2016,2025-07-11,Store F,Mississauga,Home,1198.66,90.0,4.2,0
2017,2024-10-18,Store E,Kingston,Electronics,1127.04,51.0,4.5,15
2018,2023-12-09,Store C,Hamilton,Sports,1932.64,133.0,4.1,5
2019,2023-04-10,Store G,Waterloo,Electronics,995.3,54.0,3.9,10
2020,2023-05-01,Store E,Kingston,Clothing,1262.9,44.0,,25
2021,2023-09-03,Store D,London,Food,2070.22,71.0,4.2,15
2022,2025-08-30,Store C,Hamilton,Home,2129.03,84.0,4.0,5
2023,2024-09-23,Store D,London,Home,,83.0,4.1,0
2024,2024-05-24,Store B,Ottawa,Electronics,1142.71,104.0,4.1,25
2025,2025-06-19,Store E,Kingston,Books,1523.22,72.0,4.3,0
2026,2023-10-25,Store G,Waterloo,Food,1073.39,68.0,4.0,10
2027,2023-07-05,Store F,Mississauga,Clothing,1384.84,,3.4,10
2028,2024-05-21,Store G,Waterloo,Clothing,535.32,82.0,3.7,0
2029,2023-11-10,Store E,Kingston,Home,1862.87,72.0,3.8,15
2030,2023-06-16,Store E,Kingston,Books,1012.15,71.0,4.7,10
2031,2024-05-28,Store G,Waterloo,Home,421.91,83.0,4.6,10
2032,2025-04-07,Store B,Ottawa,Clothing,1478.88,85.0,4.5,10
2033,2024-06-22,Store D,London,Clothing,1413.81,,4.0,0
2034,2025-03-14,Store A,Toronto,Sports,1839.14,99.0,4.0,0
2035,2025-07-05,Store B,Ottawa,Books,2770.35,71.0,3.9,5
2036,2023-04-27,Store C,Hamilton,Books,12123.16,94.0,4.3,25
2037,2025-08-07,Store H,Windsor,Home,1224.1,95.0,3.8,15
2038,2024-06-03,Store A,Toronto,Sports,2888.62,121.0,3.6,25
2039,2025-09-10,Store C,Hamilton,Electronics,1281.6,47.0,3.9,15
2040,2024-08-18,Store H,Windsor,Books,1911.53,,3.8,25
2041,2025-07-14,Store E,Kingston,Books,1413.28,103.0,3.3,5
2042,2023-10-08,Store G,Waterloo,Food,2254.23,85.0,4.1,20
2043,2024-04-14,Store C,Hamilton,Clothing,2117.77,84.0,4.4,5
2044,2024-02-11,Store B,Ottawa,Food,1755.6,95.0,4.3,25
2045,2023-12-13,Store G,Waterloo,Clothing,2013.51,124.0,3.9,0
2046,2023-01-04,Store F,Mississauga,Sports,1303.81,86.0,4.2,25
2047,2023-03-11,Store C,Hamilton,Books,1365.66,45.0,3.6,0
2048,2025-04-12,Store H,Windsor,Clothing,1205.58,70.0,3.8,10
2049,2023-07-02,Store D,London,Home,1784.75,76.0,,0
2050,2025-09-01,Store H,Windsor,Home,828.06,35.0,3.8,20
2051,2025-03-16,Store F,Mississauga,Clothing,846.01,,4.5,15
2052,2025-02-08,Store H,Windsor,Clothing,,92.0,3.7,20
2053,2025-08-13,Store H,Windsor,Food,,108.0,,0
2054,2023-03-09,Store D,London,Sports,2587.45,,3.6,15
2055,2025-11-26,Store B,Ottawa,Books,1632.06,141.0,4.4,10
2056,2025-10-08,Store B,Ottawa,Sports,1314.59,80.0,3.7,0
2057,2023-05-20,Store F,Mississauga,Home,1624.48,72.0,4.2,15
2058,2023-06-28,Store A,Toronto,Food,2292.34,110.0,,10
2059,2024-12-12,Store H,Windsor,Food,1569.61,91.0,3.5,5
2060,2024-01-23,Store G,Waterloo,Home,672.15,89.0,5.0,0
2061,2023-02-18,Store E,Kingston,Sports,418.72,,4.2,10
2062,2023-04-03,Store B,Ottawa,Books,1371.6,116.0,,25
2063,2023-04-21,Store C,Hamilton,Books,,58.0,4.0,5
2064,2025-09-21,Store A,Toronto,Home,2774.74,5.0,4.8,25
2065,2023-02-19,Store H,Windsor,Clothing,2033.82,42.0,3.4,10
2066,2024-07-04,Store A,Toronto,Sports,2547.85,80.0,3.9,0
2067,2023-04-02,Store F,Mississauga,Electronics,1293.2,59.0,4.3,0
2068,2023-06-24,Store D,London,Food,1739.55,103.0,,25
2069,2025-08-30,Store A,Toronto,Food,2597.61,86.0,3.3,10
2070,2025-03-05,Store C,Hamilton,Electronics,1155.66,69.0,4.2,0
2071,2024-02-22,Store G,Waterloo,Books,1128.39,114.0,4.5,15
2072,2025-11-02,Store C,Hamilton,Books,2730.74,58.0,3.7,0
2073,2024-08-13,Store D,London,Books,,155.0,3.3,10
2074,2024-10-20,Store B,Ottawa,Home,920.35,87.0,3.6,15
2075,2025-05-23,Store D,London,Food,1795.57,127.0,3.8,10
2076,2025-08-21,Store C,Hamilton,Sports,1772.49,57.0,5.0,10
2077,2025-03-12,Store C,Hamilton,Electronics,939.88,41.0,4.0,25
2078,2025-08-16,Store A,Toronto,Food,2516.87,102.0,,5
2079,2024-10-01,Store C,Hamilton,Food,2183.89,92.0,3.4,10
2080,2023-12-27,Store E,Kingston,Books,1701.79,98.0,4.3,5
2081,2023-08-08,Store F,Mississauga,Clothing,1854.87,124.0,4.4,15
2082,2023-08-30,Store A,Toronto,Home,1624.25,104.0,3.8,0
2083,2024-03-29,Store E,Kingston,Home,941.52,91.0,5.0,15
2084,2024-10-03,Store A,Toronto,Books,2248.44,108.0,3.9,5
2085,2023-11-26,Store B,Ottawa,Sports,903.56,84.0,4.7,5
2086,2025-07-02,Store E,Kingston,Sports,1929.44,76.0,4.1,20
2087,2024-09-02,Store A,Toronto,Home,1683.02,132.0,4.3,20
2088,2025-03-29,Store H,Windsor,Home,1301.43,75.0,,10
2089,2024-09-23,Store E,Kingston,Clothing,2101.82,67.0,4.3,0
2090,2023-03-19,Store D,London,Sports,1119.73,104.0,3.3,10
2091,2024-01-11,Store E,Kingston,Clothing,860.61,57.0,4.6,10
2092,2023-11-03,Store F,Mississauga,Electronics,2245.95,124.0,3.9,20
2093,2024-07-12,Store E,Kingston,Food,1900.3,83.0,4.6,5
2094,2023-10-26,Store H,Windsor,Home,698.94,95.0,,10
2095,2024-02-05,Store H,Windsor,Electronics,,68.0,4.1,0
2096,2024-09-12,Store C,Hamilton,Books,777.24,77.0,,5
2097,2024-08-07,Store H,Windsor,Home,1348.73,100.0,4.0,15
2098,2024-04-15,Store E,Kingston,Books,2076.18,117.0,4.8,5
2099,2024-02-27,Store C,Hamilton,Electronics,898.56,72.0,3.1,15
2100,2023-10-12,Store D,London,Home,1444.62,23.0,4.1,15
2101,2025-01-09,Store B,Ottawa,Clothing,1217.83,,3.6,10
2102,2025-09-08,Store G,Waterloo,Food,1344.55,59.0,3.9,0
2103,2023-12-08,Store D,London,Home,2104.06,,4.4,5
2104,2024-11-26,Store A,Toronto,Home,2769.83,134.0,5.0,5
2105,2024-12-11,Store C,Hamilton,Food,1885.95,135.0,4.4,25
2106,2023-11-02,Store D,London,Home,650.3,80.0,3.9,15
2107,2024-10-06,Store G,Waterloo,Sports,1227.46,72.0,4.5,5
2108,2024-07-21,Store B,Ottawa,Books,2020.54,116.0,4.1,5
2109,2025-02-08,Store E,Kingston,Books,1009.74,72.0,4.3,0
2110,2023-02-07,Store B,Ottawa,Sports,1910.39,69.0,5.0,25
2111,2023-07-08,Store H,Windsor,Sports,,77.0,5.0,5
2112,2023-01-07,Store C,Hamilton,Home,,79.0,4.5,10
2113,2023-09-17,Store B,Ottawa,Books,1727.86,140.0,4.5,15
2114,2025-10-18,Store H,Windsor,Clothing,584.49,107.0,4.3,15
2115,2025-07-18,Store A,Toronto,Clothing,2223.25,69.0,4.0,5
2116,2023-05-23,Store D,London,Sports,1021.42,52.0,4.3,10
2117,2023-02-25,Store C,Hamilton,Sports,1023.08,53.0,4.2,5
2118,2023-07-11,Store F,Mississauga,Sports,1411.51,108.0,4.3,0
2119,2024-12-10,Store C,Hamilton,Books,1443.19,114.0,4.2,10
2120,2023-07-06,Store A,Toronto,Sports,1883.57,81.0,4.2,15
2121,2023-08-08,Store B,Ottawa,Electronics,1801.9,102.0,,10
2122,2025-07-27,Store F,Mississauga,Clothing,1322.46,150.0,5.0,20
2123,2025-05-20,Store D,London,Books,2008.16,55.0,4.3,15
2124,2025-01-02,Store C,Hamilton,Clothing,1332.32,103.0,4.4,0
2125,2023-06-20,Store H,Windsor,Home,1591.03,69.0,4.7,0
2126,2024-01-31,Store A,Toronto,Clothing,12753.099999999999,70.0,,0
2127,2024-11-24,Store B,Ottawa,Clothing,1014.72,65.0,4.3,10
2128,2023-07-17,Store G,Waterloo,Electronics,1512.49,108.0,4.2,5
2129,2024-07-23,Store F,Mississauga,Clothing,2120.91,111.0,3.8,25
2130,2024-07-03,Store D,London,Electronics,1812.4,137.0,4.7,0
2131,2025-04-22,Store D,London,Food,943.85,92.0,3.8,0
2132,2023-03-22,Store H,Windsor,Books,985.48,77.0,4.7,10
2133,2023-02-27,Store H,Windsor,Sports,2067.95,66.0,,15
2134,2023-12-26,Store E,Kingston,Clothing,1077.02,89.0,3.5,25
2135,2024-07-06,Store C,Hamilton,,1989.42,47.0,4.4,10
2136,2023-12-25,Store D,London,,2823.27,61.0,5.0,20
2137,2025-05-04,Store B,Ottawa,Clothing,1714.95,85.0,4.8,20
2138,2023-08-24,Store G,Waterloo,Food,2903.41,122.0,3.4,0
2139,2023-04-26,Store H,Windsor,Home,1079.36,76.0,3.7,5
2140,2025-07-04,Store D,London,,1204.95,92.0,3.2,20
2141,2024-06-12,Store B,Ottawa,Food,1435.91,108.0,4.2,5
2142,2023-03-03,Store D,London,Sports,8625.24,76.0,4.1,15
2143,2024-04-02,Store C,Hamilton,Food,1031.51,54.0,4.1,0
2144,2025-01-19,Store H,Windsor,Home,1272.33,105.0,4.3,5
2145,2025-10-07,Store A,Toronto,Sports,1179.37,127.0,4.0,15
2146,2025-10-01,Store G,Waterloo,Food,2002.85,52.0,4.3,0
2147,2024-11-02,Store B,Ottawa,Clothing,2019.43,78.0,,15
2148,2024-10-17,Store D,London,Books,1226.44,107.0,4.2,5
2149,2025-05-13,Store H,Windsor,Food,1787.15,99.0,3.7,15
2150,2023-01-16,Store B,Ottawa,Food,2120.98,76.0,4.0,15
2151,2024-05-12,Store C,Hamilton,Books,1813.6,93.0,4.0,25
2152,2023-12-18,Store A,Toronto,Clothing,2182.53,80.0,3.7,0
2153,2024-10-19,Store F,Mississauga,Electronics,1645.56,90.0,3.4,20
2154,2023-08-06,Store E,Kingston,Home,,77.0,,10
2155,2024-04-19,Store H,Windsor,Home,2075.23,44.0,4.1,5
2156,2025-12-08,Store F,Mississauga,Electronics,,144.0,4.3,25
2157,2024-08-06,Store B,Ottawa,Clothing,1243.51,139.0,4.3,20
2158,2025-10-23,Store C,Hamilton,Electronics,1837.72,31.0,4.3,20
2159,2024-10-15,Store C,Hamilton,Electronics,2037.7,42.0,4.2,5
2160,2023-10-25,Store H,Windsor,Food,1623.21,45.0,4.0,25
2161,2024-09-07,Store F,Mississauga,Food,,104.0,4.9,15
2162,2024-05-09,Store A,Toronto,Books,1431.19,111.0,4.1,25
2163,2023-02-03,Store E,Kingston,Sports,910.16,55.0,4.4,0
2164,2025-05-17,Store F,Mississauga,Food,1734.22,105.0,4.7,0
2165,2024-06-22,Store C,Hamilton,Home,1126.36,90.0,3.9,10
2166,2023-03-18,Store F,Mississauga,Food,1759.31,71.0,3.6,0
2167,2023-10-31,Store G,Waterloo,Home,1417.98,45.0,4.1,20
2168,2025-11-22,Store G,Waterloo,Clothing,2096.39,86.0,3.7,15
2169,2024-01-27,Store C,Hamilton,Clothing,1658.27,63.0,4.1,20
2170,2024-04-22,Store D,London,Clothing,1917.91,133.0,3.4,0
2171,2025-09-17,Store C,Hamilton,Food,1041.29,62.0,4.6,0
2172,2025-07-22,Store F,Mississauga,Electronics,1725.29,83.0,3.5,25
2173,2025-06-11,Store D,London,Clothing,1782.58,91.0,3.9,15
2174,2023-02-15,Store B,Ottawa,Home,2209.4,,4.4,20
2175,2024-09-18,Store B,Ottawa,Sports,951.42,124.0,4.2,0
2176,2023-02-25,Store D,London,Sports,1141.71,126.0,3.5,10
2177,2023-02-09,Store E,Kingston,Electronics,1293.59,66.0,4.1,20
2178,2023-01-13,Store B,Ottawa,Home,1430.92,49.0,4.0,0
2179,2023-10-15,Store G,Waterloo,Books,1239.48,51.0,3.6,5
2180,2025-07-01,Store B,Ottawa,Electronics,1618.83,70.0,,0
2181,2023-09-05,Store C,Hamilton,Home,1867.46,81.0,3.7,0
2182,2025-02-21,Store A,Toronto,Electronics,1006.53,62.0,4.1,5
2183,2023-12-07,Store B,Ottawa,Sports,2744.52,116.0,4.3,0
2184,2023-01-10,Store F,Mississauga,Clothing,2373.01,85.0,3.9,10
2185,2025-01-16,Store H,Windsor,Sports,1096.77,74.0,4.8,10
2186,2025-03-25,Store F,Mississauga,Sports,865.52,62.0,3.7,5
2187,2025-11-12,Store E,Kingston,Books,1375.41,60.0,4.7,15
2188,2024-04-03,Store B,Ottawa,Sports,1140.11,83.0,,15
2189,2023-11-02,Store D,London,Home,1453.4,134.0,4.5,0
2190,2024-05-18,Store F,Mississauga,Electronics,1255.21,100.0,3.4,5
2191,2025-03-06,Store A,Toronto,Home,1224.4,110.0,3.8,0
2192,2024-10-25,Store C,Hamilton,Clothing,1525.0,52.0,4.1,0
2193,2025-04-01,Store H,Windsor,Home,1278.46,71.0,4.2,0
2194,2025-03-26,Store H,Windsor,Clothing,1251.28,24.0,4.2,0
2195,2023-04-11,Store B,Ottawa,Home,1800.64,120.0,3.9,0
2196,2025-09-29,Store H,Windsor,Clothing,1130.91,67.0,3.6,0
2197,2023-11-12,Store B,Ottawa,Electronics,2014.38,91.0,3.1,0
2198,2024-12-06,Store A,Toronto,Food,2647.49,118.0,3.8,20
2199,2024-12-15,Store A,Toronto,Electronics,2260.09,115.0,3.2,25
2200,2024-06-14,Store E,Kingston,Food,2275.91,66.0,4.0,25
2201,2023-04-05,Store C,Hamilton,Books,1442.01,75.0,4.8,10
2202,2025-08-31,Store E,Kingston,Food,1234.34,123.0,4.5,20
2203,2025-06-09,Store A,Toronto,Food,,67.0,4.9,0
2204,2023-12-01,Store B,Ottawa,Books,2395.89,74.0,,5
2205,2023-07-17,Store D,London,Home,1644.31,121.0,4.3,20
2206,2023-11-24,Store H,Windsor,Electronics,1038.08,35.0,4.4,10
2207,2025-08-18,Store C,Hamilton,Electronics,786.91,,4.0,20
2208,2025-10-09,Store H,Windsor,Books,1556.53,54.0,4.9,15
2209,2025-08-30,Store A,Toronto,Books,2307.65,115.0,4.8,20
2210,2025-07-22,Store C,Hamilton,Electronics,1872.4,119.0,4.5,10
2211,2023-10-15,Store B,Ottawa,Sports,2327.22,106.0,4.4,25
2212,2024-07-16,Store E,Kingston,Clothing,,38.0,3.8,0
2213,2023-11-01,Store F,Mississauga,Food,2848.94,176.0,3.8,10
2214,2024-06-04,Store E,Kingston,Home,2019.35,130.0,4.3,10
2215,2023-07-11,Store H,Windsor,Electronics,,50.0,3.2,10
2216,2025-11-24,Store C,Hamilton,Clothing,1504.4,125.0,4.6,25
2217,2024-03-28,Store D,London,Sports,2229.96,64.0,4.4,5
2218,2024-10-11,Store G,Waterloo,,1283.76,28.0,3.8,15
2219,2023-10-31,Store F,Mississauga,Home,857.85,75.0,3.8,0
2220,2023-05-14,Store E,Kingston,Home,1527.93,45.0,4.0,20
2221,2025-03-02,Store A,Toronto,Home,2648.93,88.0,4.6,10
2222,2023-06-30,Store F,Mississauga,Home,2336.33,73.0,3.6,0
2223,2023-09-07,Store D,London,Electronics,1150.32,106.0,4.5,15
2224,2025-04-10,Store D,London,Food,1486.14,115.0,4.3,10
2225,2024-01-06,Store C,Hamilton,Sports,1415.6,52.0,4.2,0
2226,2024-04-28,Store B,Ottawa,Books,1432.89,73.0,3.7,0
2227,2024-04-07,Store G,Waterloo,Sports,432.27,,4.3,5
2228,2023-10-24,Store E,Kingston,Electronics,1406.07,77.0,4.3,15
2229,2023-04-07,Store H,Windsor,Food,1821.53,91.0,4.1,25
2230,2024-03-16,Store D,London,Electronics,1273.94,125.0,4.8,0
2231,2024-02-03,Store C,Hamilton,Books,1373.35,81.0,3.8,0
2232,2024-07-15,Store G,Waterloo,,1611.14,109.0,4.5,10
2233,2024-11-28,Store D,London,Sports,2156.17,79.0,4.3,15
2234,2025-01-03,Store C,Hamilton,Books,,62.0,4.1,15
2235,2025-04-20,Store B,Ottawa,Clothing,1379.38,106.0,4.8,0
2236,2024-09-29,Store H,Windsor,Food,1424.27,68.0,3.1,20
2237,2023-11-24,Store C,Hamilton,Sports,1749.23,118.0,3.9,15
2238,2023-04-07,Store E,Kingston,Clothing,834.47,35.0,4.2,0
2239,2025-07-16,Store C,Hamilton,Clothing,1997.01,60.0,4.8,0
2240,2024-03-16,Store H,Windsor,Sports,1733.39,60.0,3.5,15
2241,2025-11-30,Store G,Waterloo,Electronics,1940.28,,3.7,20
2242,2025-11-21,Store A,Toronto,Books,2073.84,118.0,4.1,15
2243,2024-12-03,Store G,Waterloo,Sports,1982.61,115.0,,15
2244,2023-12-22,Store G,Waterloo,Electronics,,102.0,4.6,15
2245,2025-11-23,Store H,Windsor,Food,2888.48,130.0,2.9,15
2246,2024-05-14,Store H,Windsor,Books,1752.1,5.0,3.6,5
2247,2023-08-29,Store E,Kingston,Food,1577.06,64.0,4.1,0
2248,2025-02-19,Store C,Hamilton,Sports,,81.0,3.7,5
2249,2025-10-17,Store D,London,Electronics,1789.04,75.0,3.8,25
2250,2024-04-18,Store D,London,Sports,2489.82,97.0,4.6,0
2251,2023-02-01,Store B,Ottawa,Clothing,2864.05,66.0,4.9,15
2252,2023-01-29,Store G,Waterloo,Clothing,506.7,55.0,4.1,0
2253,2023-08-26,Store B,Ottawa,Home,2144.6,80.0,4.1,0
2254,2025-10-09,Store B,Ottawa,Food,1577.35,5.0,4.7,25
2255,2025-11-03,Store B,Ottawa,Food,,,3.9,0
2256,2023-03-17,Store C,Hamilton,Sports,1298.61,34.0,4.7,10
2257,2024-10-07,Store A,Toronto,Home,2732.99,130.0,4.0,25
2258,2023-04-22,Store A,Toronto,Home,2337.48,164.0,3.6,25
2259,2023-02-28,Store A,Toronto,Sports,1315.58,76.0,4.3,10
2260,2023-06-14,Store G,Waterloo,Home,2149.26,55.0,3.8,5
2261,2025-05-23,Store E,Kingston,,1229.69,25.0,3.7,0
2262,2024-07-06,Store H,Windsor,Food,1176.75,63.0,5.0,20
2263,2025-08-14,Store D,London,Home,1257.06,106.0,4.1,5
2264,2023-10-22,Store A,Toronto,Clothing,1462.04,108.0,4.0,20
2265,2025-09-15,Store C,Hamilton,Home,,62.0,4.9,5
2266,2023-04-27,Store C,Hamilton,Sports,1618.32,74.0,4.1,15
2267,2025-05-17,Store B,Ottawa,Sports,765.72,,4.5,10
2268,2023-08-21,Store E,Kingston,Food,1546.0,83.0,3.9,5
2269,2025-10-29,Store E,Kingston,Electronics,1756.35,32.0,4.8,20
2270,2025-06-20,Store G,Waterloo,Home,1399.61,98.0,4.3,25
2271,2024-02-22,Store E,Kingston,,727.98,104.0,4.5,20
2272,2024-11-28,Store B,Ottawa,Electronics,1926.22,114.0,4.8,25
2273,2023-11-16,Store D,London,Clothing,2707.34,139.0,4.1,10
2274,2025-06-15,Store B,Ottawa,Electronics,2426.38,99.0,4.4,20
2275,2025-10-19,Store F,Mississauga,Books,1315.08,100.0,4.1,0
2276,2025-06-29,Store F,Mississauga,Sports,2296.47,54.0,3.9,15
2277,2024-07-25,Store G,Waterloo,Home,1879.34,,4.1,0
2278,2023-12-25,Store A,Toronto,Home,2049.51,,4.3,25
2279,2025-11-05,Store H,Windsor,Food,1983.45,86.0,4.3,0
2280,2024-07-24,Store C,Hamilton,Books,475.91,94.0,3.6,25
2281,2024-05-28,Store D,London,Food,1704.31,66.0,3.6,5
2282,2024-07-29,Store B,Ottawa,Food,2839.31,87.0,4.6,5
2283,2024-02-09,Store G,Waterloo,Electronics,579.24,113.0,4.1,10
2284,2024-04-01,Store D,London,,1423.67,70.0,3.8,15
2285,2023-03-20,Store H,Windsor,Electronics,483.67,51.0,3.7,0
2286,2023-09-28,Store H,Windsor,Books,1387.94,,,0
2287,2023-12-25,Store B,Ottawa,Clothing,1856.95,108.0,4.1,20
2288,2023-03-31,Store E,Kingston,Home,974.2,55.0,3.6,0
2289,2023-01-09,Store H,Windsor,Food,,51.0,4.5,5
2290,2023-03-18,Store E,Kingston,Books,1457.75,57.0,4.2,5
2291,2023-01-14,Store A,Toronto,Home,1900.81,69.0,3.7,0
2292,2023-05-12,Store B,Ottawa,,538.94,,4.3,5
2293,2024-07-02,Store B,Ottawa,Sports,2128.39,93.0,3.7,5
2294,2024-01-20,Store B,Ottawa,Home,996.24,82.0,,15
2295,2025-01-03,Store B,Ottawa,Sports,1196.69,49.0,4.3,0
2296,2023-03-14,Store A,Toronto,Sports,2291.87,104.0,4.0,5
2297,2024-07-20,Store F,Mississauga,Food,1859.63,106.0,3.8,20
2298,2024-10-19,Store C,Hamilton,Electronics,1155.88,73.0,4.1,5
2299,2023-05-13,Store D,London,Sports,1906.53,88.0,4.0,0
2300,2025-09-15,Store C,Hamilton,Books,2148.95,92.0,4.6,10
2301,2023-10-03,Store F,Mississauga,Food,2967.51,,3.5,5
2302,2024-10-14,Store C,Hamilton,,1787.01,20.0,3.7,10
2303,2025-07-07,Store C,Hamilton,Clothing,2491.99,78.0,4.7,15
2304,2024-11-01,Store F,Mississauga,Home,2961.77,171.0,4.3,0
2305,2023-02-19,Store C,Hamilton,Books,1752.67,59.0,4.3,15
2306,2024-12-14,Store H,Windsor,Electronics,2000.54,111.0,4.1,0
2307,2024-08-31,Store A,Toronto,,2069.84,65.0,3.8,0
2308,2024-04-25,Store H,Windsor,Sports,1082.64,103.0,4.5,0
2309,2023-09-20,Store B,Ottawa,,1340.29,60.0,5.0,20
2310,2023-04-23,Store B,Ottawa,Home,1359.49,89.0,4.6,5
2311,2023-02-27,Store F,Mississauga,Clothing,2039.87,78.0,,10
2312,2025-09-25,Store H,Windsor,Food,1114.23,77.0,,0
2313,2023-01-05,Store B,Ottawa,Food,1061.88,92.0,3.2,0
2314,2023-01-12,Store D,London,Books,2242.16,60.0,4.1,15
2315,2024-07-01,Store G,Waterloo,Sports,1508.05,93.0,4.0,0
2316,2023-11-15,Store G,Waterloo,Clothing,2072.13,142.0,4.0,0
2317,2025-04-23,Store H,Windsor,Food,557.16,57.0,4.0,25
2318,2023-09-22,Store F,Mississauga,Books,,5.0,4.4,5
2319,2025-05-17,Store G,Waterloo,Clothing,1450.52,58.0,4.3,5
2320,2024-10-21,Store E,Kingston,Books,1467.67,53.0,4.8,0
2321,2025-06-09,Store H,Windsor,Electronics,1719.15,78.0,3.9,10
2322,2025-01-31,Store A,Toronto,Food,1169.28,83.0,4.8,25
2323,2025-01-20,Store C,Hamilton,Books,2395.52,58.0,3.9,0
2324,2023-10-05,Store D,London,Electronics,2442.99,61.0,,15
2325,2023-04-20,Store D,London,Books,1877.89,123.0,5.0,0
2326,2025-11-19,Store E,Kingston,Sports,1728.16,102.0,,0
2327,2023-10-25,Store E,Kingston,Home,1788.59,54.0,,10
2328,2023-03-20,Store C,Hamilton,Electronics,1492.62,61.0,4.6,0
2329,2023-06-24,Store B,Ottawa,Books,13989.119999999999,88.0,,0
2330,2024-06-11,Store E,Kingston,Home,,51.0,3.4,5
2331,2024-08-03,Store D,London,Food,1569.24,99.0,3.6,0
2332,2025-06-29,Store A,Toronto,Clothing,2223.2,95.0,3.6,0
2333,2025-12-16,Store B,Ottawa,Sports,2079.69,99.0,4.0,25
2334,2023-01-27,Store E,Kingston,Home,1233.34,62.0,4.3,10
2335,2023-02-14,Store C,Hamilton,Clothing,1462.35,79.0,3.6,5
2336,2025-06-24,Store E,Kingston,Food,2040.77,68.0,4.7,5
2337,2025-03-30,Store F,Mississauga,Books,1495.61,104.0,3.9,5
2338,2025-05-09,Store E,Kingston,Sports,950.63,76.0,4.1,25
2339,2025-02-20,Store B,Ottawa,Books,2064.23,89.0,3.7,10
2340,2025-07-17,Store E,Kingston,Home,603.56,62.0,4.3,10
2341,2025-12-02,Store E,Kingston,Electronics,1796.79,62.0,4.3,20
2342,2025-12-25,Store C,Hamilton,Electronics,1323.32,72.0,4.5,10
2343,2025-02-01,Store D,London,Home,1166.65,95.0,4.0,25
2344,2023-08-14,Store G,Waterloo,Home,2084.32,87.0,4.3,15
2345,2025-11-14,Store B,Ottawa,Sports,1795.87,122.0,4.1,10
2346,2024-05-01,Store A,Toronto,Clothing,1760.79,89.0,4.5,5
2347,2025-04-11,Store D,London,Clothing,1287.26,58.0,3.8,25
2348,2025-06-03,Store D,London,Books,1553.02,,4.1,0
2349,2025-07-22,Store G,Waterloo,Electronics,,57.0,4.1,0
2350,2024-03-31,Store C,Hamilton,Sports,1476.66,47.0,4.2,0
2351,2023-11-17,Store C,Hamilton,Home,2046.33,89.0,4.1,15
2352,2025-04-03,Store B,Ottawa,Clothing,1499.96,97.0,4.1,20
2353,2025-04-16,Store B,Ottawa,Food,1498.83,94.0,,10
2354,2025-06-10,Store E,Kingston,Clothing,828.76,66.0,3.7,15
2355,2025-07-26,Store C,Hamilton,Sports,1790.51,60.0,4.3,10
2356,2024-07-09,Store A,Toronto,,2611.48,125.0,4.1,10
2357,2024-06-15,Store G,Waterloo,Home,1249.45,116.0,3.8,10
2358,2025-06-16,Store H,Windsor,Food,1660.27,131.0,4.3,20
2359,2025-09-18,Store E,Kingston,Electronics,2010.25,70.0,4.3,5
2360,2025-03-09,Store A,Toronto,Sports,1723.13,85.0,3.8,10
2361,2024-02-07,Store D,London,Sports,1057.2,90.0,4.1,15
2362,2023-03-15,Store B,Ottawa,Food,1214.86,72.0,4.2,0
2363,2025-12-24,Store E,Kingston,Food,1297.59,106.0,4.5,5
2364,2025-05-28,Store D,London,Clothing,1279.31,88.0,3.6,20
2365,2024-06-27,Store H,Windsor,Sports,1732.52,122.0,4.4,0
2366,2023-04-29,Store F,Mississauga,Home,1497.63,89.0,4.2,10
2367,2025-04-20,Store C,Hamilton,Books,1676.18,48.0,4.2,20
2368,2023-07-27,Store A,Toronto,Books,1611.93,81.0,3.8,15
2369,2023-11-09,Store G,Waterloo,Food,1499.05,97.0,5.0,10
2370,2025-01-18,Store G,Waterloo,Clothing,2379.33,60.0,4.7,10
2371,2023-02-25,Store D,London,,1967.76,22.0,3.7,20
2372,2025-06-15,Store F,Mississauga,Electronics,1085.6,90.0,5.0,5
2373,2023-09-24,Store G,Waterloo,Books,1021.96,74.0,4.7,5
2374,2025-11-21,Store G,Waterloo,Home,1562.4,119.0,4.7,0
2375,2023-05-26,Store H,Windsor,Electronics,1692.19,93.0,3.7,10
2376,2023-02-10,Store D,London,Sports,897.7,64.0,3.8,5
2377,2024-12-16,Store C,Hamilton,Books,2111.71,116.0,4.1,10
2378,2023-08-29,Store D,London,Electronics,1647.51,89.0,3.8,0
2379,2025-04-30,Store C,Hamilton,Clothing,1014.95,118.0,4.3,10
2380,2024-01-15,Store B,Ottawa,Electronics,1734.91,113.0,4.2,0
2381,2024-08-17,Store E,Kingston,Books,1632.17,95.0,4.5,5
2382,2025-05-28,Store G,Waterloo,Home,1182.82,82.0,3.9,5
2383,2024-10-12,Store B,Ottawa,Clothing,,79.0,4.4,5
2384,2025-04-09,Store B,Ottawa,Clothing,1129.59,74.0,4.4,0
2385,2023-10-18,Store E,Kingston,Sports,1680.8,71.0,3.1,25
2386,2025-05-17,Store B,Ottawa,Food,2025.77,112.0,3.3,10
2387,2025-07-24,Store G,Waterloo,Food,2014.59,93.0,3.6,15
2388,2025-02-08,Store F,Mississauga,Books,1622.0,118.0,4.0,15
2389,2023-08-18,Store D,London,Food,1754.65,93.0,4.1,20
2390,2025-06-08,Store G,Waterloo,Food,1846.74,114.0,,25
2391,2024-02-18,Store A,Toronto,Clothing,1617.06,116.0,4.3,15
2392,2025-09-18,Store E,Kingston,Food,1340.69,56.0,,20
2393,2024-01-23,Store H,Windsor,Electronics,1150.44,42.0,4.0,10
2394,2023-11-23,Store H,Windsor,Electronics,1500.01,112.0,4.3,0
2395,2024-05-05,Store C,Hamilton,Books,,72.0,3.5,10
2396,2025-11-29,Store F,Mississauga,Food,2380.9,131.0,3.7,15
2397,2023-03-31,Store B,Ottawa,Clothing,1900.4,96.0,4.6,25
2398,2025-02-09,Store E,Kingston,Clothing,1880.89,50.0,4.3,10
2399,2025-03-23,Store H,Windsor,Electronics,1464.92,71.0,3.8,10
2400,2024-04-04,Store H,Windsor,Food,1429.35,81.0,3.3,5
2401,2025-08-10,Store A,Toronto,Sports,2407.11,85.0,4.1,5
2402,2024-08-07,Store F,Mississauga,Sports,2624.11,75.0,4.2,10
2403,2023-09-21,Store C,Hamilton,Books,711.1,84.0,,25
2404,2023-04-03,Store D,London,Clothing,1360.67,57.0,4.7,10
2405,2025-01-03,Store D,London,Clothing,1801.61,91.0,4.3,20
2406,2024-05-18,Store B,Ottawa,Home,1305.43,101.0,3.5,15
2407,2025-06-07,Store D,London,Food,1988.03,107.0,4.3,5
2408,2023-07-29,Store B,Ottawa,Home,1211.97,62.0,4.0,0
2409,2025-05-25,Store D,London,Home,1711.85,51.0,4.4,25
2410,2023-02-28,Store E,Kingston,Electronics,763.75,73.0,4.6,5
2411,2023-02-27,Store D,London,Books,1311.48,101.0,4.4,10
2412,2024-11-27,Store H,Windsor,Sports,2148.32,97.0,4.7,5
2413,2024-01-31,Store E,Kingston,Sports,1318.9,41.0,4.0,0
2414,2024-09-15,Store A,Toronto,Food,1960.18,87.0,3.0,0
2415,2025-12-12,Store G,Waterloo,Books,,101.0,3.9,15
2416,2024-11-28,Store F,Mississauga,Clothing,2208.5,110.0,4.4,25
2417,2024-01-08,Store G,Waterloo,Food,2092.82,94.0,3.6,5
2418,2024-07-06,Store E,Kingston,Food,594.75,92.0,4.1,5
2419,2024-06-21,Store B,Ottawa,Electronics,2145.33,84.0,4.7,0
2420,2025-10-18,Store H,Windsor,Clothing,1727.46,18.0,3.8,0
2421,2023-11-27,Store F,Mississauga,Clothing,2954.72,108.0,3.9,20
2422,2023-06-01,Store E,Kingston,Electronics,1535.32,64.0,3.5,15
2423,2024-05-12,Store A,Toronto,Electronics,1218.65,105.0,3.2,5
2424,2023-12-10,Store G,Waterloo,Electronics,,64.0,4.5,10
2425,2024-07-28,Store F,Mississauga,Food,1686.04,89.0,4.0,5
2426,2023-07-22,Store E,Kingston,Food,1967.7,59.0,3.7,0
2427,2023-07-19,Store B,Ottawa,Home,1553.66,82.0,,0
2428,2024-03-17,Store D,London,Electronics,1753.73,73.0,4.4,5
2429,2024-02-11,Store H,Windsor,,1213.04,66.0,,10
2430,2023-12-10,Store C,Hamilton,Home,1502.22,106.0,4.9,10
2431,2025-11-23,Store H,Windsor,Electronics,1788.78,126.0,3.9,25
2432,2024-08-02,Store A,Toronto,Books,2080.14,107.0,4.4,0
2433,2023-12-30,Store D,London,Electronics,,136.0,3.7,15
2434,2024-10-30,Store C,Hamilton,Food,1552.73,100.0,4.5,10
2435,2024-11-04,Store A,Toronto,Clothing,3155.24,93.0,3.9,10
2436,2024-07-03,Store G,Waterloo,Home,1823.09,30.0,4.3,25
2437,2025-08-19,Store F,Mississauga,Books,1920.91,131.0,3.3,5
2438,2023-12-07,Store D,London,Books,3250.49,137.0,3.3,10
2439,2023-08-05,Store D,London,Sports,1546.37,118.0,3.7,25
2440,2025-08-12,Store F,Mississauga,Books,1796.92,109.0,3.2,5
2441,2025-10-03,Store A,Toronto,Clothing,1865.21,59.0,4.7,5
2442,2024-04-27,Store B,Ottawa,Books,2296.51,83.0,4.0,0
2443,2023-04-12,Store B,Ottawa,Electronics,1613.82,92.0,4.0,10
2444,2024-08-30,Store H,Windsor,Electronics,1795.08,110.0,3.9,0
2445,2023-04-07,Store E,Kingston,Books,1299.15,99.0,,15
2446,2023-01-21,Store F,Mississauga,Sports,1970.09,99.0,4.5,15
2447,2024-08-12,Store D,London,Sports,1821.77,87.0,4.5,20
2448,2025-05-27,Store E,Kingston,Food,1119.98,53.0,3.8,5
2449,2024-04-13,Store D,London,Electronics,1722.22,46.0,4.4,20
2450,2023-07-20,Store A,Toronto,Home,2069.6,95.0,4.6,10
2451,2023-05-28,Store H,Windsor,Food,1179.24,70.0,4.6,15
2452,2025-05-25,Store C,Hamilton,Books,1291.38,74.0,3.9,20
2453,2023-12-06,Store F,Mississauga,Clothing,2257.64,96.0,,20
2454,2025-01-30,Store G,Waterloo,Home,1687.78,65.0,3.9,25
2455,2025-07-08,Store H,Windsor,Electronics,,79.0,4.2,0
2456,2025-02-26,Store D,London,Home,1951.88,79.0,4.1,0
2457,2023-02-28,Store D,London,Home,1770.53,97.0,3.9,20
2458,2025-01-29,Store C,Hamilton,Home,,57.0,4.2,0
2459,2023-01-19,Store A,Toronto,Books,1519.02,90.0,3.3,15
2460,2023-02-25,Store D,London,Electronics,1298.5,63.0,4.1,0
2461,2023-05-26,Store G,Waterloo,Books,1762.47,82.0,3.3,20
2462,2023-11-06,Store E,Kingston,Electronics,1242.92,74.0,3.6,25
2463,2023-05-10,Store C,Hamilton,Clothing,,113.0,4.0,10
2464,2025-04-05,Store D,London,Sports,1064.78,105.0,3.9,10
2465,2025-07-05,Store B,Ottawa,Electronics,1581.06,104.0,4.3,5
2466,2024-04-05,Store A,Toronto,Food,2237.06,104.0,4.2,15
2467,2023-06-22,Store B,Ottawa,Home,1352.18,96.0,4.4,20
2468,2025-02-10,Store D,London,Home,2161.97,82.0,3.9,15
2469,2024-08-09,Store D,London,Clothing,2226.86,105.0,4.9,25
2470,2023-05-07,Store C,Hamilton,Food,1081.46,20.0,4.5,0
2471,2023-12-30,Store E,Kingston,,2210.99,110.0,3.8,20
2472,2024-07-18,Store H,Windsor,Sports,1618.51,81.0,4.3,25
2473,2025-09-13,Store G,Waterloo,,1233.28,59.0,3.8,5
2474,2023-12-26,Store G,Waterloo,Electronics,1937.84,75.0,4.3,20
2475,2025-09-04,Store G,Waterloo,Clothing,2164.32,76.0,4.3,15
2476,2023-09-20,Store D,London,Books,2446.08,125.0,4.1,5
2477,2025-09-17,Store H,Windsor,Sports,1193.78,96.0,3.6,10
2478,2025-08-19,Store A,Toronto,Food,1786.7,114.0,3.8,5
2479,2024-05-30,Store D,London,Home,1423.53,17.0,3.7,5
2480,2024-10-08,Store G,Waterloo,,1453.31,71.0,3.5,10
2481,2023-05-03,Store A,Toronto,Clothing,806.7,79.0,4.9,0
2482,2024-05-04,Store G,Waterloo,Clothing,1304.85,96.0,4.4,0
2483,2023-06-08,Store D,London,,2665.7,111.0,4.2,5
2484,2024-08-07,Store D,London,Sports,1768.15,132.0,3.6,20
2485,2023-06-08,Store D,London,,1457.95,85.0,3.9,20
2486,2025-11-18,Store D,London,Electronics,2396.16,161.0,4.0,15
2487,2024-11-24,Store B,Ottawa,Sports,1949.16,89.0,,20
2488,2025-03-29,Store A,Toronto,Clothing,2166.15,109.0,3.8,15
2489,2025-08-27,Store C,Hamilton,Food,1366.63,101.0,4.4,20
2490,2025-10-26,Store H,Windsor,Clothing,1884.28,,4.2,15
2491,2023-12-15,Store G,Waterloo,Food,1748.15,116.0,4.8,0
2492,2023-11-10,Store G,Waterloo,Clothing,2102.96,133.0,4.5,10
2493,2023-06-10,Store E,Kingston,Home,970.36,122.0,4.0,20
2494,2025-10-22,Store H,Windsor,Books,1268.58,87.0,3.8,0
2495,2025-08-01,Store A,Toronto,Food,2129.5,,3.8,10
2496,2023-04-12,Store C,Hamilton,Sports,1655.05,108.0,3.9,0
2497,2025-06-18,Store B,Ottawa,Food,1705.99,99.0,4.0,10
2498,2023-05-30,Store F,Mississauga,Home,,104.0,4.5,0
2499,2023-01-24,Store E,Kingston,Sports,1647.66,129.0,4.3,5
2500,2025-07-17,Store H,Windsor,Clothing,1650.11,131.0,4.9,0
2501,2023-02-17,Store H,Windsor,Books,728.78,,3.8,15
2502,2025-11-15,Store H,Windsor,Sports,1199.48,122.0,4.7,20
2503,2024-11-26,Store G,Waterloo,Books,1946.7,106.0,4.1,0
2504,2025-02-21,Store G,Waterloo,Books,5758.65,98.0,4.1,20
2505,2025-07-29,Store E,Kingston,Clothing,1792.57,103.0,3.9,10
2506,2025-04-19,Store B,Ottawa,Books,1604.47,41.0,3.7,10
2507,2023-08-30,Store H,Windsor,Home,2593.52,59.0,,5
2508,2023-07-10,Store F,Mississauga,Sports,1885.05,118.0,4.7,10
2509,2023-02-18,Store D,London,Food,1754.19,113.0,4.0,15
2510,2024-04-09,Store F,Mississauga,Food,1548.82,67.0,3.5,0
2511,2024-11-08,Store H,Windsor,Electronics,1646.03,101.0,3.8,5
2512,2024-01-05,Store E,Kingston,Sports,1550.75,36.0,4.7,15
2513,2025-06-10,Store F,Mississauga,Sports,,131.0,3.4,10
2514,2024-11-19,Store G,Waterloo,Clothing,1695.71,99.0,3.7,0
2515,2024-01-07,Store E,Kingston,Sports,1139.65,18.0,4.5,10
2516,2023-09-06,Store B,Ottawa,Home,1716.1,116.0,4.3,20
2517,2025-06-08,Store G,Waterloo,Clothing,2130.23,56.0,3.8,0
2518,2024-11-12,Store H,Windsor,Home,697.21,110.0,4.8,10
2519,2024-01-30,Store E,Kingston,Clothing,1291.1,64.0,4.3,0
2520,2024-12-14,Store H,Windsor,,1397.46,,4.0,5
2521,2023-01-30,Store C,Hamilton,Electronics,2421.38,34.0,,15
2522,2023-08-09,Store C,Hamilton,Sports,2068.6,108.0,4.1,5
2523,2023-01-24,Store F,Mississauga,Food,1666.22,128.0,3.9,0
2524,2024-10-29,Store H,Windsor,Food,1189.71,92.0,4.9,0
2525,2025-10-26,Store H,Windsor,Books,905.38,110.0,4.0,0
2526,2025-03-19,Store G,Waterloo,Sports,1502.3,41.0,4.4,20
2527,2024-02-08,Store B,Ottawa,Food,1545.02,113.0,3.6,0
2528,2024-12-03,Store B,Ottawa,Clothing,2579.7,103.0,4.4,15
2529,2025-11-07,Store F,Mississauga,Home,2756.49,105.0,3.8,5
2530,2025-01-14,Store G,Waterloo,Sports,1737.79,69.0,4.2,15
2531,2024-05-19,Store H,Windsor,,1959.0,123.0,4.3,25
2532,2023-02-16,Store C,Hamilton,Sports,1097.22,77.0,3.7,0
2533,2023-10-02,Store H,Windsor,Food,1711.74,47.0,4.5,15
2534,2024-12-30,Store E,Kingston,Clothing,16209.34,124.0,4.6,20
2535,2025-07-27,Store A,Toronto,Books,2857.76,122.0,4.3,0
2536,2025-10-16,Store G,Waterloo,Electronics,1621.18,63.0,3.2,0
2537,2023-07-19,Store A,Toronto,,2057.66,69.0,4.1,0
2538,2024-12-24,Store A,Toronto,Food,2156.1,110.0,3.7,25
2539,2025-12-01,Store D,London,Books,1346.99,113.0,4.8,20
2540,2023-09-05,Store G,Waterloo,Food,1362.12,105.0,5.0,0
2541,2024-01-25,Store A,Toronto,,,121.0,4.0,0
2542,2023-06-12,Store G,Waterloo,Home,1913.08,115.0,3.3,15
2543,2024-11-08,Store C,Hamilton,Books,1715.55,118.0,3.3,5
2544,2025-01-02,Store F,Mississauga,Home,2148.74,158.0,4.7,0
2545,2024-09-08,Store A,Toronto,Home,2234.06,81.0,3.7,0
2546,2025-02-26,Store B,Ottawa,Electronics,2061.08,95.0,,0
2547,2025-07-26,Store E,Kingston,,1246.18,41.0,3.8,5
2548,2024-12-31,Store C,Hamilton,Food,1617.55,96.0,3.3,0
2549,2025-02-21,Store A,Toronto,Home,1816.03,88.0,4.4,25
2550,2025-12-14,Store A,Toronto,Sports,2825.4,110.0,3.8,0
2551,2023-01-20,Store D,London,Books,1540.61,83.0,3.4,15
2552,2024-12-14,Store D,London,Clothing,2477.95,,4.1,10
2553,2024-03-28,Store C,Hamilton,Electronics,1181.87,80.0,4.0,15
2554,2023-07-25,Store H,Windsor,Sports,1018.93,57.0,4.6,15
2555,2023-09-13,Store F,Mississauga,Food,1246.26,118.0,4.1,0
2556,2025-07-15,Store D,London,,1896.9,82.0,4.6,15
2557,2024-04-12,Store F,Mississauga,Electronics,2196.99,80.0,4.8,5
2558,2023-03-29,Store A,Toronto,Books,2744.27,111.0,4.8,10
2559,2025-06-06,Store A,Toronto,Electronics,2102.1,103.0,3.8,25
2560,2024-04-06,Store B,Ottawa,Sports,1630.61,89.0,3.4,0
2561,2023-05-03,Store F,Mississauga,Home,1998.0,121.0,4.2,5
2562,2024-09-30,Store E,Kingston,Books,902.99,70.0,3.7,0
2563,2023-01-31,Store A,Toronto,Clothing,922.42,114.0,3.7,25
2564,2023-05-23,Store H,Windsor,Electronics,1345.43,92.0,,0
2565,2024-07-14,Store F,Mississauga,Clothing,1238.59,93.0,4.5,10
2566,2024-10-23,Store A,Toronto,Home,1482.17,98.0,3.3,5
2567,2023-02-06,Store A,Toronto,Food,2434.72,118.0,3.9,5
2568,2025-03-28,Store A,Toronto,Electronics,2358.29,92.0,4.4,10
2569,2023-02-23,Store E,Kingston,,1414.22,51.0,4.5,0
2570,2024-02-24,Store A,Toronto,Electronics,1930.75,53.0,3.4,25
2571,2023-01-22,Store G,Waterloo,Food,2056.93,106.0,3.3,0
2572,2024-05-15,Store B,Ottawa,Clothing,1864.22,97.0,4.6,15
2573,2024-05-25,Store G,Waterloo,Electronics,2078.72,41.0,3.6,0
2574,2025-08-28,Store D,London,Food,2005.15,116.0,3.7,10
2575,2024-08-08,Store F,Mississauga,Home,1827.02,125.0,3.5,15
2576,2024-08-28,Store H,Windsor,Books,1851.06,53.0,4.4,5
2577,2025-10-24,Store H,Windsor,Sports,1394.96,75.0,,5
2578,2023-12-13,Store F,Mississauga,Electronics,2575.29,112.0,4.0,15
2579,2024-12-17,Store A,Toronto,,2319.75,116.0,4.1,10
2580,2024-06-01,Store F,Mississauga,Home,2661.27,126.0,3.9,0
2581,2025-09-30,Store G,Waterloo,Food,1029.95,79.0,4.0,0
2582,2024-06-24,Store E,Kingston,Electronics,1705.26,50.0,3.3,5
2583,2024-09-22,Store E,Kingston,Home,1538.92,42.0,4.4,5
2584,2024-02-05,Store E,Kingston,Home,878.7,86.0,4.5,20
2585,2025-07-10,Store G,Waterloo,Books,1851.55,84.0,,5
2586,2023-08-13,Store E,Kingston,Electronics,952.21,86.0,3.9,10
2587,2024-10-22,Store D,London,,1275.6,71.0,4.4,15
2588,2025-11-28,Store H,Windsor,Books,1387.66,81.0,3.6,5
2589,2025-03-22,Store F,Mississauga,Food,1436.39,64.0,3.9,5
2590,2025-01-17,Store H,Windsor,Home,1503.69,72.0,4.1,0
2591,2023-09-20,Store D,London,Home,1605.09,89.0,4.3,0
2592,2023-04-17,Store A,Toronto,Food,1634.39,93.0,3.9,5
2593,2025-10-29,Store F,Mississauga,Electronics,1768.9,102.0,4.0,5
2594,2023-05-17,Store B,Ottawa,,1548.55,85.0,4.2,15
2595,2025-10-24,Store E,Kingston,Books,1767.76,82.0,3.9,15
2596,2024-03-02,Store D,London,Electronics,2475.43,109.0,4.3,20
2597,2025-07-31,Store B,Ottawa,Clothing,1911.17,159.0,4.7,0
2598,2025-11-02,Store G,Waterloo,Electronics,2297.48,,3.9,10
2599,2025-06-04,Store B,Ottawa,Food,1532.79,112.0,3.5,0
2600,2023-01-25,Store E,Kingston,,1181.63,96.0,3.9,15
2601,2024-12-14,Store H,Windsor,Books,1758.85,152.0,3.7,10
2602,2025-11-29,Store D,London,Clothing,2399.99,126.0,4.2,25
2603,2025-12-04,Store F,Mississauga,Clothing,3721.76,136.0,4.3,25
2604,2024-06-07,Store H,Windsor,Home,1431.29,72.0,3.9,15
2605,2023-01-07,Store B,Ottawa,Clothing,1709.79,85.0,4.0,10
2606,2024-07-30,Store H,Windsor,Food,815.41,94.0,,25
2607,2025-03-02,Store H,Windsor,Food,6383.5,41.0,3.8,0
2608,2024-07-25,Store E,Kingston,Books,1578.18,93.0,4.7,5
2609,2024-01-07,Store D,London,Sports,1132.3,70.0,3.5,15
2610,2024-07-11,Store F,Mississauga,Electronics,2242.77,123.0,3.8,10
2611,2023-10-14,Store B,Ottawa,Home,1008.71,51.0,3.8,0
2612,2023-06-25,Store D,London,Electronics,2469.34,105.0,,0
2613,2023-11-01,Store C,Hamilton,Electronics,2433.79,41.0,,20
2614,2023-01-06,Store B,Ottawa,Books,1659.74,58.0,3.9,10
2615,2023-08-22,Store F,Mississauga,Clothing,3147.15,108.0,4.5,25
2616,2023-03-21,Store C,Hamilton,Books,1310.39,56.0,4.4,10
2617,2025-10-23,Store B,Ottawa,Electronics,1544.93,88.0,4.7,15
2618,2023-07-04,Store F,Mississauga,Clothing,2232.02,139.0,4.1,10
2619,2025-05-24,Store B,Ottawa,Sports,1275.07,116.0,,10
2620,2024-12-27,Store B,Ottawa,Sports,2306.12,64.0,4.4,0
2621,2025-06-24,Store G,Waterloo,Home,1902.33,102.0,3.8,5
2622,2024-09-19,Store C,Hamilton,Clothing,1538.17,99.0,4.0,10
2623,2023-03-13,Store E,Kingston,Electronics,1226.21,60.0,4.6,20
2624,2024-02-08,Store A,Toronto,Home,1737.14,80.0,4.8,5
2625,2025-02-06,Store H,Windsor,Food,96.81,57.0,4.5,5
2626,2025-01-13,Store E,Kingston,Clothing,1633.84,85.0,3.9,0
2627,2025-12-19,Store G,Waterloo,Clothing,2124.85,112.0,4.4,0
2628,2025-05-26,Store A,Toronto,Home,1320.66,105.0,4.3,5
2629,2024-07-27,Store A,Toronto,Electronics,2609.63,92.0,5.0,0
2630,2025-08-05,Store F,Mississauga,Clothing,1600.46,126.0,4.4,5
2631,2023-12-25,Store G,Waterloo,Electronics,1521.83,73.0,4.5,15
2632,2025-07-31,Store C,Hamilton,Clothing,636.76,38.0,5.0,0
2633,2024-01-13,Store D,London,Clothing,1094.98,56.0,4.5,0
2634,2025-12-15,Store E,Kingston,Food,1549.22,108.0,3.8,5
2635,2023-02-10,Store E,Kingston,Electronics,824.69,94.0,,10
2636,2024-02-22,Store D,London,,1853.99,40.0,4.1,10
2637,2025-02-15,Store F,Mississauga,Food,1952.03,103.0,4.0,25
2638,2024-10-11,Store F,Mississauga,Home,1091.19,104.0,4.1,0
2639,2024-09-25,Store F,Mississauga,Clothing,2098.85,90.0,4.0,25
2640,2025-09-04,Store B,Ottawa,Books,1737.72,69.0,5.0,5
2641,2023-03-25,Store F,Mississauga,Food,1331.76,69.0,4.1,10
2642,2025-11-05,Store G,Waterloo,Home,1917.82,125.0,4.6,20
2643,2024-04-27,Store E,Kingston,Electronics,1205.02,52.0,4.1,0
2644,2025-10-07,Store B,Ottawa,Electronics,1725.26,95.0,3.8,20
2645,2024-04-13,Store C,Hamilton,Books,2175.7,138.0,4.3,15
2646,2025-07-27,Store A,Toronto,Electronics,1703.18,70.0,4.4,5
2647,2023-07-07,Store F,Mississauga,Books,1818.94,118.0,4.1,5
2648,2024-09-17,Store C,Hamilton,Books,748.25,98.0,4.7,0
2649,2023-10-02,Store C,Hamilton,Clothing,2144.33,66.0,,25
2650,2023-08-25,Store H,Windsor,Sports,923.94,80.0,3.8,0
2651,2024-12-22,Store D,London,Books,1769.93,,3.9,5
2652,2024-12-16,Store B,Ottawa,Sports,1908.46,79.0,4.1,25
2653,2023-09-16,Store A,Toronto,Electronics,1330.03,116.0,4.0,15
2654,2024-08-19,Store B,Ottawa,Home,1785.98,76.0,3.7,10
2655,2024-09-03,Store C,Hamilton,Home,1226.92,118.0,3.6,10
2656,2023-04-11,Store D,London,Sports,1353.0,57.0,3.8,10
2657,2024-07-05,Store D,London,Electronics,2652.24,108.0,3.5,10
2658,2024-12-06,Store F,Mississauga,Electronics,2479.41,107.0,4.5,5
2659,2023-10-26,Store E,Kingston,Home,1092.73,38.0,4.6,10
2660,2024-08-10,Store B,Ottawa,Books,1347.57,80.0,4.7,5
2661,2024-11-23,Store E,Kingston,Clothing,1302.3,105.0,3.8,25
2662,2025-07-30,Store B,Ottawa,Electronics,918.33,140.0,4.5,15
2663,2024-06-14,Store A,Toronto,Food,2015.29,77.0,4.0,5
2664,2023-07-13,Store A,Toronto,Sports,1986.88,84.0,4.1,20
2665,2025-01-01,Store C,Hamilton,,1404.26,74.0,3.3,25
2666,2024-02-28,Store H,Windsor,Books,1840.15,82.0,4.4,5
2667,2023-10-02,Store A,Toronto,Electronics,664.91,78.0,4.0,5
2668,2024-06-03,Store B,Ottawa,Food,2051.93,75.0,,10
2669,2024-02-26,Store E,Kingston,Books,1545.63,69.0,3.8,5
2670,2025-08-11,Store D,London,Home,1918.33,106.0,3.9,20
2671,2025-05-13,Store A,Toronto,Food,1022.81,53.0,3.9,10
2672,2025-04-11,Store B,Ottawa,Books,736.69,119.0,3.9,0
2673,2023-05-20,Store H,Windsor,Food,1330.3,71.0,3.5,10
2674,2024-02-06,Store D,London,Home,2169.4,110.0,4.1,15
2675,2023-10-07,Store H,Windsor,Electronics,1754.23,55.0,,20
2676,2023-03-14,Store H,Windsor,Sports,1999.58,82.0,3.9,15
2677,2024-08-23,Store E,Kingston,Sports,1175.35,,4.3,0
2678,2023-09-24,Store G,Waterloo,Electronics,1257.01,67.0,,25
2679,2025-03-17,Store G,Waterloo,Books,1957.08,92.0,4.3,15
2680,2023-07-20,Store D,London,Books,2199.42,126.0,4.1,10
2681,2025-04-20,Store G,Waterloo,Home,1141.57,82.0,3.8,10
2682,2025-10-27,Store F,Mississauga,Home,,104.0,3.8,10
2683,2023-09-14,Store D,London,Home,1423.63,54.0,3.6,5
2684,2025-10-22,Store A,Toronto,Books,1635.22,81.0,4.6,25
2685,2024-03-03,Store A,Toronto,Food,1379.6,101.0,4.7,10
2686,2023-11-12,Store A,Toronto,Electronics,3233.06,101.0,4.6,25
2687,2023-01-14,Store C,Hamilton,Sports,805.44,,3.5,20
2688,2024-11-03,Store H,Windsor,Clothing,2273.69,83.0,3.7,5
2689,2024-11-27,Store C,Hamilton,Sports,1427.2,147.0,4.1,5
2690,2023-08-28,Store D,London,Sports,1666.61,88.0,4.0,0
2691,2025-04-03,Store C,Hamilton,Sports,1070.33,93.0,4.0,25
2692,2025-11-22,Store H,Windsor,Books,1558.81,87.0,4.3,15
2693,2023-07-26,Store H,Windsor,Clothing,1845.82,67.0,4.5,25
2694,2023-11-21,Store F,Mississauga,Home,3316.06,153.0,4.2,5
2695,2024-10-30,Store E,Kingston,Electronics,952.06,52.0,4.9,15
2696,2024-05-22,Store D,London,Books,1036.0,126.0,3.6,10
2697,2025-01-28,Store D,London,Electronics,3196.4,73.0,3.9,15
2698,2025-08-22,Store D,London,Clothing,1585.47,132.0,,5
2699,2024-01-21,Store B,Ottawa,Sports,1228.62,80.0,4.6,15
2700,2024-04-17,Store G,Waterloo,,1541.16,99.0,3.4,10
2701,2025-01-03,Store A,Toronto,Sports,1261.34,74.0,3.9,10
2702,2025-01-26,Store H,Windsor,Home,612.47,64.0,3.0,0
2703,2025-06-16,Store E,Kingston,Electronics,1902.21,64.0,4.7,10
2704,2025-01-02,Store C,Hamilton,Books,1581.73,84.0,4.3,5
2705,2025-08-17,Store A,Toronto,Books,2207.49,162.0,3.8,10
2706,2024-10-28,Store E,Kingston,Sports,1238.98,48.0,4.4,20
2707,2025-08-30,Store D,London,Books,2122.75,89.0,,0
2708,2023-12-17,Store A,Toronto,Sports,2942.11,133.0,4.0,5
2709,2025-02-01,Store D,London,Food,1597.89,101.0,3.2,10
2710,2023-11-30,Store A,Toronto,Books,25652.8,155.0,3.9,5
2711,2024-05-24,Store F,Mississauga,Sports,1028.98,110.0,4.0,10
2712,2023-05-21,Store E,Kingston,Books,1008.84,51.0,4.1,15
2713,2024-03-12,Store F,Mississauga,Sports,1798.48,98.0,3.8,0
2714,2023-04-03,Store C,Hamilton,Sports,1510.84,115.0,4.0,10
2715,2023-05-09,Store E,Kingston,Electronics,860.69,57.0,4.5,10
2716,2024-01-15,Store H,Windsor,Clothing,,40.0,3.9,5
2717,2024-11-10,Store B,Ottawa,Electronics,2149.68,125.0,4.2,15
2718,2023-07-20,Store G,Waterloo,Food,1996.89,104.0,4.8,25
2719,2024-11-13,Store A,Toronto,Home,2079.39,111.0,4.5,10
2720,2025-07-10,Store E,Kingston,Books,1247.31,83.0,4.5,0
2721,2023-05-21,Store A,Toronto,Sports,1573.51,65.0,4.5,0
2722,2024-08-18,Store D,London,Home,2126.43,119.0,4.1,5
2723,2023-12-02,Store G,Waterloo,Food,14537.789999999999,75.0,,0
2724,2023-08-02,Store G,Waterloo,Sports,1398.25,88.0,3.7,5
2725,2024-06-06,Store F,Mississauga,Books,3101.55,96.0,4.7,0
2726,2024-11-01,Store F,Mississauga,,2407.77,115.0,3.9,10
2727,2024-12-21,Store C,Hamilton,Sports,1513.83,93.0,4.2,10
2728,2023-04-26,Store D,London,Sports,1473.87,,5.0,5
2729,2025-08-30,Store E,Kingston,Clothing,2027.1,106.0,4.0,10
2730,2025-08-13,Store A,Toronto,Clothing,,152.0,4.3,25
2731,2023-11-04,Store E,Kingston,Home,2361.57,81.0,4.4,0
2732,2025-03-21,Store G,Waterloo,Food,872.68,73.0,4.1,25
2733,2024-01-22,Store E,Kingston,Clothing,1093.76,71.0,4.5,5
2734,2023-10-12,Store C,Hamilton,Books,2329.88,45.0,4.6,15
2735,2023-04-15,Store F,Mississauga,Books,2102.66,114.0,4.5,10
2736,2024-04-19,Store C,Hamilton,Electronics,1973.25,70.0,3.8,15
2737,2023-02-08,Store A,Toronto,Sports,1962.0,69.0,4.3,20
2738,2024-08-12,Store G,Waterloo,Clothing,1221.18,121.0,5.0,10
2739,2024-12-23,Store E,Kingston,Books,1758.53,80.0,3.7,5
2740,2024-12-05,Store B,Ottawa,Home,2364.92,98.0,4.6,25
2741,2025-12-08,Store C,Hamilton,Food,2102.79,95.0,4.9,10
2742,2023-11-10,Store F,Mississauga,Books,2223.31,108.0,3.5,0
2743,2025-09-29,Store E,Kingston,Sports,1227.88,24.0,3.9,15
2744,2023-09-07,Store A,Toronto,Books,1688.6,120.0,4.5,0
2745,2024-03-10,Store D,London,Books,1857.07,60.0,4.2,5
2746,2024-01-24,Store G,Waterloo,Food,2095.18,65.0,3.7,15
2747,2023-10-19,Store E,Kingston,Home,1592.44,72.0,4.9,0
2748,2024-11-17,Store F,Mississauga,Clothing,2253.67,118.0,4.4,10
2749,2024-04-11,Store C,Hamilton,Books,1762.47,120.0,4.4,20
2750,2024-09-17,Store G,Waterloo,Sports,1203.19,71.0,4.4,15
2751,2025-11-06,Store E,Kingston,Sports,1920.02,86.0,3.6,0
2752,2024-08-24,Store D,London,Food,1897.75,85.0,4.0,20
2753,2023-08-04,Store B,Ottawa,Food,2267.08,150.0,3.9,10
2754,2023-10-01,Store B,Ottawa,Books,1396.38,113.0,3.5,0
2755,2024-03-01,Store F,Mississauga,Home,1704.96,,4.4,25
2756,2024-07-28,Store G,Waterloo,Electronics,1830.94,,4.3,10
2757,2024-11-04,Store F,Mississauga,Clothing,2680.85,113.0,3.8,15
2758,2024-11-25,Store A,Toronto,Home,2888.82,159.0,,15
2759,2024-06-20,Store C,Hamilton,,1866.1,105.0,4.7,15
2760,2025-11-29,Store E,Kingston,Home,1448.93,62.0,3.7,20
2761,2025-04-05,Store C,Hamilton,Electronics,1069.35,30.0,3.9,0
2762,2025-12-20,Store D,London,Sports,2685.54,122.0,4.6,0
2763,2023-09-06,Store E,Kingston,Home,1384.46,,4.5,25
2764,2025-03-14,Store G,Waterloo,Clothing,978.2,,4.3,10
2765,2024-04-18,Store C,Hamilton,Clothing,1266.21,53.0,3.7,20
2766,2024-06-25,Store C,Hamilton,Food,,104.0,,25
2767,2024-10-19,Store D,London,Food,1462.91,62.0,4.1,0
2768,2023-02-24,Store H,Windsor,Electronics,1268.93,86.0,4.2,5
2769,2023-01-08,Store G,Waterloo,Sports,1479.04,78.0,4.5,15
2770,2025-11-17,Store C,Hamilton,Food,1130.46,137.0,4.2,10
2771,2023-03-10,Store H,Windsor,Home,948.5,85.0,3.7,10
2772,2023-04-22,Store F,Mississauga,Books,1491.89,76.0,4.2,25
2773,2023-08-18,Store B,Ottawa,Electronics,2354.55,111.0,3.3,15
2774,2025-08-11,Store E,Kingston,Electronics,1693.29,33.0,3.4,5
2775,2024-03-21,Store G,Waterloo,Clothing,2030.87,94.0,4.8,15
2776,2025-02-18,Store E,Kingston,Books,967.05,56.0,4.1,15
2777,2023-12-16,Store G,Waterloo,Food,2039.77,85.0,4.9,5
2778,2024-12-21,Store H,Windsor,Clothing,2342.04,77.0,3.8,20
2779,2023-09-12,Store F,Mississauga,Food,1872.32,101.0,3.9,5
2780,2023-05-31,Store C,Hamilton,Books,1327.59,133.0,4.4,0
2781,2024-08-30,Store H,Windsor,Books,1631.31,73.0,,5
2782,2024-09-23,Store E,Kingston,Electronics,1459.9,60.0,4.1,0
2783,2024-05-16,Store B,Ottawa,Clothing,1015.56,147.0,4.5,5
2784,2024-06-27,Store E,Kingston,Home,,107.0,4.5,5
2785,2023-03-11,Store G,Waterloo,Home,1236.17,35.0,4.1,10
2786,2025-01-14,Store A,Toronto,Food,1562.07,65.0,4.2,5
2787,2024-04-21,Store E,Kingston,Electronics,211.93,78.0,3.8,5
2788,2024-03-09,Store C,Hamilton,Books,1160.16,75.0,3.5,5
2789,2024-01-06,Store F,Mississauga,Sports,2384.03,97.0,4.6,10
2790,2025-02-17,Store A,Toronto,Sports,2026.88,135.0,4.7,5
2791,2025-06-01,Store H,Windsor,Home,,133.0,4.4,0
2792,2024-12-09,Store B,Ottawa,Home,1816.66,115.0,4.6,0
2793,2025-03-16,Store H,Windsor,Electronics,890.72,59.0,,5
2794,2023-04-25,Store E,Kingston,Food,,63.0,3.9,10
2795,2023-03-16,Store H,Windsor,Sports,1881.03,40.0,4.7,15
2796,2023-08-10,Store A,Toronto,Clothing,2217.17,124.0,4.5,15
2797,2025-12-20,Store A,Toronto,Food,,149.0,4.7,0
2798,2023-01-02,Store D,London,Clothing,1483.57,52.0,,15
2799,2023-06-11,Store G,Waterloo,,1823.4,,,10
2800,2024-06-30,Store C,Hamilton,Clothing,1771.29,52.0,3.8,10
2801,2024-06-13,Store G,Waterloo,Clothing,1714.73,83.0,4.7,5
2802,2024-03-17,Store F,Mississauga,Food,1641.13,86.0,3.9,25
2803,2025-11-16,Store F,Mississauga,Sports,2291.93,119.0,,15
2804,2023-03-27,Store E,Kingston,Books,991.28,62.0,4.6,5
2805,2024-04-12,Store G,Waterloo,,1565.28,67.0,3.5,15
2806,2024-01-01,Store B,Ottawa,Food,1404.28,,3.7,0
2807,2025-05-04,Store E,Kingston,Sports,894.54,79.0,4.5,0
2808,2023-11-04,Store A,Toronto,Food,1450.24,129.0,4.5,20
2809,2023-01-03,Store C,Hamilton,Food,1664.39,89.0,4.1,0
2810,2023-03-21,Store A,Toronto,Electronics,1703.44,120.0,4.7,0
2811,2025-04-05,Store D,London,Electronics,1683.29,116.0,,5
2812,2023-02-27,Store E,Kingston,Food,1515.59,51.0,4.9,0
2813,2023-11-15,Store B,Ottawa,Home,2535.06,61.0,3.7,5
2814,2024-03-21,Store E,Kingston,Books,1325.12,60.0,4.3,5
2815,2023-02-26,Store C,Hamilton,Home,1398.04,,4.4,15
2816,2024-07-14,Store D,London,Sports,1837.08,92.0,3.7,10
2817,2025-04-27,Store E,Kingston,Food,812.11,48.0,3.6,0
2818,2023-09-05,Store A,Toronto,Books,603.65,105.0,4.0,10
2819,2024-03-04,Store B,Ottawa,Electronics,1376.78,,4.8,15
2820,2024-09-27,Store B,Ottawa,Electronics,1866.47,69.0,4.4,10
2821,2024-10-14,Store E,Kingston,Books,914.79,50.0,,20
2822,2024-10-01,Store D,London,Home,1613.95,133.0,3.8,5
2823,2025-01-22,Store H,Windsor,Sports,1538.36,91.0,3.8,0
2824,2025-12-02,Store A,Toronto,Books,3046.39,153.0,4.7,0
2825,2023-05-13,Store A,Toronto,Electronics,970.27,109.0,3.3,5
2826,2025-12-28,Store H,Windsor,Food,2083.46,121.0,4.8,20
2827,2024-10-03,Store E,Kingston,Books,1392.89,,,5
2828,2023-06-05,Store G,Waterloo,Food,1618.66,54.0,4.1,15
2829,2023-09-08,Store B,Ottawa,Home,1840.98,67.0,4.4,25
2830,2023-03-11,Store D,London,Sports,1350.61,62.0,4.3,20
2831,2023-07-01,Store G,Waterloo,Home,2506.95,72.0,2.8,5
2832,2024-09-03,Store C,Hamilton,Books,1299.08,59.0,4.1,0
2833,2025-09-16,Store C,Hamilton,Food,1186.31,87.0,4.1,10
2834,2025-12-13,Store B,Ottawa,Books,1450.48,94.0,3.7,10
2835,2025-09-27,Store G,Waterloo,Clothing,1070.15,51.0,4.3,15
2836,2024-07-22,Store D,London,Food,1554.4,135.0,3.8,0
2837,2025-08-15,Store E,Kingston,Sports,919.75,38.0,4.9,10
2838,2023-03-20,Store H,Windsor,Books,1251.05,,3.8,5
2839,2024-08-06,Store D,London,Books,1902.89,104.0,4.4,0
2840,2023-03-22,Store G,Waterloo,Sports,1956.32,41.0,3.9,0
2841,2023-10-13,Store B,Ottawa,Sports,1948.19,109.0,,15
2842,2024-09-23,Store A,Toronto,Food,2046.51,105.0,4.5,5
2843,2024-07-22,Store D,London,Sports,2386.66,139.0,,0
2844,2023-06-09,Store H,Windsor,Books,2066.4,72.0,4.4,5
2845,2024-12-20,Store C,Hamilton,Electronics,1667.44,83.0,3.8,10
2846,2023-05-30,Store C,Hamilton,Clothing,1565.66,71.0,4.1,0
2847,2023-02-24,Store A,Toronto,Sports,2065.08,93.0,,20
2848,2023-03-20,Store H,Windsor,Sports,1501.25,91.0,4.7,15
2849,2025-01-14,Store C,Hamilton,Electronics,1382.85,92.0,4.1,0
2850,2023-11-26,Store A,Toronto,Home,2189.96,151.0,3.7,10
2851,2025-04-08,Store A,Toronto,Home,1344.58,151.0,3.9,5
2852,2025-05-09,Store E,Kingston,Home,1198.49,59.0,3.8,10
2853,2023-02-26,Store B,Ottawa,Home,2363.49,64.0,5.0,10
2854,2023-12-20,Store F,Mississauga,Books,2232.17,95.0,4.3,15
2855,2023-08-10,Store F,Mississauga,Sports,1905.11,137.0,5.0,10
2856,2024-04-13,Store A,Toronto,Books,466.81,54.0,3.7,0
2857,2024-07-08,Store E,Kingston,Books,1551.55,87.0,3.6,10
2858,2025-07-07,Store F,Mississauga,Electronics,2136.63,123.0,4.7,10
2859,2023-04-23,Store F,Mississauga,Electronics,1520.93,78.0,4.3,10
2860,2024-09-09,Store H,Windsor,Food,1720.62,53.0,3.1,20
2861,2024-08-09,Store A,Toronto,Food,1474.91,71.0,5.0,25
2862,2025-04-07,Store A,Toronto,Food,2174.16,61.0,4.5,0
2863,2024-10-15,Store H,Windsor,Home,1115.98,58.0,,15
2864,2023-04-27,Store D,London,Sports,1722.46,109.0,4.2,0
2865,2023-07-27,Store D,London,Electronics,1942.63,121.0,4.1,15
2866,2024-09-07,Store C,Hamilton,Electronics,748.08,139.0,,10
2867,2024-08-26,Store G,Waterloo,Sports,1621.29,124.0,5.0,0
2868,2025-10-01,Store D,London,,1418.42,97.0,,0
2869,2025-10-19,Store D,London,Electronics,,53.0,4.4,5
2870,2023-12-28,Store F,Mississauga,Clothing,1974.96,105.0,4.4,0
2871,2023-02-25,Store H,Windsor,Books,941.03,73.0,3.3,20
2872,2023-11-15,Store B,Ottawa,Sports,1785.14,123.0,4.5,15
2873,2025-10-08,Store C,Hamilton,Books,1133.34,46.0,4.5,15
2874,2024-06-08,Store D,London,Electronics,1131.4,145.0,4.0,20
2875,2023-12-10,Store A,Toronto,Sports,2544.36,127.0,4.5,10
2876,2025-04-29,Store G,Waterloo,Sports,1800.79,98.0,4.4,0
2877,2024-07-25,Store D,London,Sports,1147.33,87.0,4.1,0
2878,2023-01-08,Store A,Toronto,Electronics,587.94,,3.5,15
2879,2025-04-04,Store G,Waterloo,Sports,1385.85,64.0,4.7,20
2880,2025-12-22,Store D,London,Clothing,,112.0,3.9,0
2881,2023-08-26,Store F,Mississauga,Home,2554.33,144.0,4.6,25
2882,2023-08-12,Store B,Ottawa,Clothing,804.66,125.0,4.5,15
2883,2024-09-20,Store H,Windsor,Sports,1988.29,,3.5,0
2884,2024-11-03,Store A,Toronto,Electronics,3187.11,135.0,3.3,20
2885,2024-02-06,Store A,Toronto,,1028.85,119.0,3.6,20
2886,2024-03-19,Store G,Waterloo,Home,1199.87,113.0,4.8,10
2887,2025-10-06,Store H,Windsor,Sports,1044.16,14.0,4.7,0
2888,2024-09-09,Store B,Ottawa,Electronics,1581.03,97.0,4.5,15
2889,2025-03-02,Store D,London,,1913.11,69.0,4.1,5
2890,2025-02-14,Store E,Kingston,Clothing,941.56,17.0,5.0,0
2891,2025-09-05,Store H,Windsor,Home,1406.64,68.0,3.7,5
2892,2025-11-28,Store C,Hamilton,Electronics,2270.24,,3.7,0
2893,2024-06-20,Store E,Kingston,Clothing,1899.76,83.0,4.3,10
2894,2023-05-21,Store E,Kingston,Clothing,1632.58,85.0,3.8,10
2895,2024-03-31,Store D,London,Sports,1594.75,65.0,4.2,10
2896,2024-08-21,Store H,Windsor,,2172.77,74.0,4.5,10
2897,2024-02-16,Store G,Waterloo,Clothing,1515.25,47.0,4.4,5
2898,2023-06-19,Store C,Hamilton,Clothing,2130.57,110.0,4.2,20
2899,2024-09-30,Store F,Mississauga,Food,1868.62,105.0,4.1,0
2900,2023-06-28,Store G,Waterloo,Sports,1210.88,109.0,4.2,0
2901,2025-07-06,Store A,Toronto,Electronics,1740.97,106.0,3.9,25
2902,2023-10-12,Store D,London,Books,791.75,89.0,4.4,10
2903,2024-08-14,Store F,Mississauga,Food,1892.52,106.0,4.4,5
2904,2023-02-25,Store H,Windsor,Food,1408.2,37.0,3.9,15
2905,2025-10-16,Store C,Hamilton,Home,2113.46,60.0,,25
2906,2025-05-16,Store D,London,Food,1750.98,107.0,4.2,25
2907,2023-09-04,Store H,Windsor,Electronics,1088.28,75.0,4.3,0
2908,2025-06-22,Store D,London,Sports,1121.46,45.0,4.4,10
2909,2023-04-11,Store G,Waterloo,Electronics,2061.17,35.0,4.7,10
2910,2024-07-02,Store G,Waterloo,Electronics,1583.26,85.0,3.3,5
2911,2024-06-30,Store C,Hamilton,Clothing,1853.36,77.0,3.7,0
2912,2023-06-21,Store A,Toronto,Clothing,2008.77,123.0,,25
2913,2025-06-28,Store A,Toronto,Sports,1941.66,124.0,4.6,10
2914,2023-07-13,Store F,Mississauga,Home,2047.17,,4.2,0
2915,2025-12-16,Store G,Waterloo,Food,1587.91,71.0,3.9,15
2916,2023-02-28,Store F,Mississauga,Clothing,1815.51,88.0,3.0,25
2917,2025-02-10,Store B,Ottawa,Food,1657.73,88.0,3.8,10
2918,2025-06-07,Store F,Mississauga,Electronics,1751.66,117.0,5.0,25
2919,2024-04-13,Store F,Mississauga,Sports,1049.68,57.0,4.5,25
2920,2024-08-09,Store B,Ottawa,Books,1580.37,35.0,3.6,10
2921,2025-06-17,Store H,Windsor,Sports,1913.03,55.0,4.0,10
2922,2024-01-17,Store D,London,Sports,2116.34,67.0,3.8,0
2923,2025-12-05,Store G,Waterloo,Sports,2714.48,90.0,4.6,20
2924,2025-04-24,Store E,Kingston,Sports,1867.26,91.0,4.8,10
2925,2023-10-13,Store D,London,Clothing,1836.86,70.0,3.1,0
2926,2023-05-14,Store G,Waterloo,Clothing,1285.4,37.0,,5
2927,2023-12-23,Store A,Toronto,Electronics,1818.77,163.0,4.6,10
2928,2023-03-20,Store C,Hamilton,Home,2427.71,67.0,4.8,10
2929,2023-05-01,Store C,Hamilton,Clothing,1198.36,110.0,4.7,10
2930,2023-02-13,Store G,Waterloo,Books,2099.89,50.0,4.3,10
2931,2023-08-17,Store H,Windsor,Home,1262.51,83.0,3.7,10
2932,2023-06-29,Store F,Mississauga,Electronics,1710.9,108.0,3.8,20
2933,2023-11-19,Store F,Mississauga,Food,1639.69,110.0,3.7,5
2934,2025-09-07,Store A,Toronto,Electronics,2708.5,108.0,4.1,10
2935,2025-12-29,Store C,Hamilton,Food,2175.63,98.0,4.4,0
2936,2024-01-22,Store F,Mississauga,Sports,1505.94,139.0,3.5,25
2937,2025-04-04,Store C,Hamilton,Home,1479.8,44.0,4.6,0
2938,2025-02-14,Store B,Ottawa,Electronics,1459.44,,4.2,5
2939,2025-03-19,Store E,Kingston,Home,1219.79,77.0,4.3,0
2940,2024-12-16,Store B,Ottawa,Clothing,2163.13,69.0,3.9,5
2941,2024-10-22,Store D,London,Food,2296.53,60.0,3.9,15
2942,2023-05-05,Store A,Toronto,Clothing,1212.72,117.0,4.2,15
2943,2024-02-05,Store D,London,Sports,1432.05,149.0,3.8,15
2944,2025-07-20,Store C,Hamilton,Electronics,1640.98,,3.5,5
2945,2024-10-13,Store F,Mississauga,Home,1730.9,79.0,4.6,10
2946,2024-08-11,Store G,Waterloo,Electronics,1795.24,130.0,4.2,10
2947,2025-11-03,Store C,Hamilton,Sports,2311.66,128.0,3.7,0
2948,2024-09-04,Store B,Ottawa,Food,1299.69,35.0,4.1,10
2949,2025-12-30,Store E,Kingston,Sports,1430.75,49.0,4.5,0
2950,2023-09-10,Store A,Toronto,Food,1746.21,93.0,3.9,10
2951,2025-01-22,Store H,Windsor,,1799.45,13.0,3.8,20
2952,2025-11-26,Store B,Ottawa,Books,2105.47,101.0,4.3,20
2953,2023-02-01,Store H,Windsor,Food,1971.26,,4.1,15
2954,2025-03-03,Store D,London,Electronics,1555.21,101.0,4.4,0
2955,2025-11-22,Store D,London,Sports,2312.25,137.0,3.6,5
2956,2023-08-01,Store G,Waterloo,Sports,1858.17,,4.7,5
2957,2024-12-19,Store C,Hamilton,Electronics,1907.59,,4.7,0
2958,2025-01-05,Store B,Ottawa,Electronics,1531.55,35.0,3.9,0
2959,2023-10-27,Store D,London,Food,1905.99,89.0,3.7,15
2960,2023-08-25,Store B,Ottawa,Sports,1930.13,102.0,4.7,5
2961,2023-01-08,Store D,London,Home,1762.6,69.0,4.3,5
2962,2024-10-27,Store E,Kingston,Home,782.82,78.0,3.8,0
2963,2025-05-07,Store G,Waterloo,Electronics,1480.73,91.0,4.7,0
2964,2023-11-19,Store H,Windsor,Home,1645.49,85.0,4.2,0
2965,2024-06-06,Store B,Ottawa,Electronics,1382.74,105.0,4.5,25
2966,2025-01-31,Store H,Windsor,Food,2047.05,58.0,3.8,5
2967,2025-11-08,Store F,Mississauga,Clothing,1997.01,137.0,4.0,5
2968,2025-01-01,Store B,Ottawa,Clothing,,98.0,4.3,0
2969,2025-04-20,Store C,Hamilton,Clothing,877.99,66.0,4.3,0
2970,2024-05-13,Store A,Toronto,Books,2120.54,77.0,4.1,5
2971,2023-06-03,Store G,Waterloo,Food,2114.49,101.0,4.5,25
2972,2024-11-23,Store B,Ottawa,Food,1561.48,95.0,4.0,10
2973,2024-01-04,Store H,Windsor,Clothing,1517.85,60.0,,15
2974,2024-01-26,Store C,Hamilton,Home,1681.23,73.0,4.0,5
2975,2024-07-20,Store F,Mississauga,Electronics,1487.95,124.0,4.3,20
2976,2023-12-04,Store A,Toronto,Electronics,2335.73,143.0,4.3,10
2977,2023-11-07,Store H,Windsor,Clothing,1224.14,109.0,3.6,5
2978,2024-05-26,Store A,Toronto,Food,2285.02,106.0,4.1,5
2979,2025-04-29,Store A,Toronto,Books,1242.81,113.0,,5
2980,2025-09-02,Store E,Kingston,Electronics,741.7,47.0,4.4,25
2981,2024-09-24,Store E,Kingston,Electronics,1337.43,62.0,3.3,15
2982,2023-05-01,Store H,Windsor,Food,1257.25,61.0,,0
2983,2023-03-10,Store G,Waterloo,Books,1235.32,103.0,4.4,0
2984,2025-04-18,Store C,Hamilton,Electronics,1752.96,60.0,4.5,25
2985,2023-02-17,Store F,Mississauga,Food,1390.59,,4.0,20
2986,2025-07-18,Store B,Ottawa,Clothing,1447.83,137.0,4.5,15
2987,2023-02-04,Store B,Ottawa,Clothing,1826.53,93.0,3.7,5
2988,2024-01-11,Store C,Hamilton,Sports,1539.87,54.0,4.2,20
2989,2024-06-13,Store H,Windsor,Home,1684.28,100.0,3.6,15
2990,2024-08-25,Store A,Toronto,Sports,1582.02,110.0,2.9,0
2991,2025-02-28,Store B,Ottawa,Electronics,2041.27,99.0,3.8,15
2992,2023-05-06,Store E,Kingston,Home,2197.34,76.0,3.6,0
2993,2023-01-08,Store D,London,Electronics,,53.0,3.8,20
2994,2023-06-13,Store G,Waterloo,Books,1805.37,82.0,4.7,20
2995,2023-03-26,Store B,Ottawa,Home,1012.32,41.0,4.4,10
2996,2023-11-23,Store E,Kingston,Clothing,1911.03,99.0,4.1,25
2997,2025-05-18,Store D,London,Electronics,10161.45,94.0,4.7,20
2998,2023-11-05,Store H,Windsor,Food,1181.38,110.0,4.0,20
2999,2025-03-07,Store D,London,,1333.51,88.0,4.4,10
3000,2024-11-07,Store E,Kingston,Home,2721.38,97.0,4.8,10
1958,2023-06-18,Store F,Mississauga,Clothing,2020.98,65.0,4.2,20
2088,2025-03-29,Store H,Windsor,Home,1301.43,75.0,,10
1395,2023-05-12,Store F,Mississauga,Home,2189.39,67.0,3.0,25
1521,2024-05-05,Store E,Kingston,Clothing,557.31,62.0,4.5,0
1099,2024-02-02,Store C,Hamilton,Sports,1504.64,16.0,3.5,5
394,2025-03-22,Store E,Kingston,,1663.25,102.0,4.0,10
29,2024-05-25,Store E,Kingston,Food,891.04,59.0,4.1,20
100,2025-11-20,Store F,Mississauga,Food,2492.41,142.0,4.0,10
352,2025-01-03,Store D,London,Sports,2286.76,83.0,4.6,10
2021,2023-09-03,Store D,London,Food,2070.22,71.0,4.2,15
1353,2024-07-05,Store A,Toronto,Home,2476.34,92.0,4.1,0
1145,2024-05-05,Store A,Toronto,Food,1513.58,102.0,4.4,15
2856,2024-04-13,Store A,Toronto,Books,466.81,54.0,3.7,0
1226,2025-10-04,Store A,Toronto,Clothing,1190.73,,4.0,5
298,2025-05-24,Store A,Toronto,Food,3091.09,125.0,3.4,5
1786,2024-09-03,Store H,Windsor,Sports,1491.62,101.0,4.9,0
127,2025-02-01,Store A,Toronto,Electronics,1717.5,102.0,4.3,0
2758,2024-11-25,Store A,Toronto,Home,2888.82,159.0,,15
1597,2024-01-01,Store E,Kingston,Food,1199.23,87.0,,0
2028,2024-05-21,Store G,Waterloo,Clothing,535.32,82.0,3.7,0
2997,2025-05-18,Store D,London,Electronics,2032.29,94.0,4.7,20
682,2024-01-13,Store D,London,Sports,1887.98,103.0,4.5,0
46,2024-08-14,Store E,Kingston,Sports,1508.49,116.0,4.5,10
1437,2024-04-15,Store D,London,Electronics,1624.06,104.0,4.9,10
2748,2024-11-17,Store F,Mississauga,Clothing,2253.67,118.0,4.4,10
302,2023-08-11,Store H,Windsor,Electronics,877.24,89.0,4.0,25
2649,2023-10-02,Store C,Hamilton,Clothing,2144.33,66.0,,25
1608,2023-10-22,Store F,Mississauga,Sports,1912.67,173.0,,10
637,2025-06-15,Store E,Kingston,Home,1665.77,67.0,4.1,10
548,2024-10-22,Store E,Kingston,Electronics,587.94,51.0,4.4,10
1266,2025-06-21,Store A,Toronto,Food,1929.48,90.0,3.4,0
1271,2024-10-22,Store D,London,Food,1501.84,81.0,4.0,10
679,2025-02-22,Store G,Waterloo,Clothing,1343.02,76.0,4.5,10
2613,2023-11-01,Store C,Hamilton,Electronics,2433.79,41.0,,20
2157,2024-08-06,Store B,Ottawa,Clothing,1243.51,139.0,4.3,20
706,2025-05-21,Store B,Ottawa,Food,1643.58,35.0,3.8,15
1509,2024-12-05,Store G,Waterloo,Sports,2245.66,101.0,4.7,10
111,2023-09-07,Store A,Toronto,Books,1682.78,80.0,4.2,5
2354,2025-06-10,Store E,Kingston,Clothing,828.76,66.0,3.7,15
2178,2023-01-13,Store B,Ottawa,Home,1430.92,49.0,4.0,0
2049,2023-07-02,Store D,London,Home,1784.75,76.0,,0
283,2025-01-02,Store C,Hamilton,Clothing,1448.97,28.0,3.9,0
1101,2023-09-05,Store F,Mississauga,Books,1654.82,67.0,4.8,0
561,2025-06-04,Store H,Windsor,Home,2081.28,58.0,4.1,10
564,2023-08-25,Store A,Toronto,Clothing,2233.33,67.0,,5
578,2025-03-29,Store E,Kingston,Books,1150.36,28.0,3.9,5
1820,2024-01-04,Store D,London,Home,2135.19,93.0,4.0,5
1951,2023-01-28,Store E,Kingston,Clothing,1060.01,28.0,3.9,0
1560,2025-02-12,Store E,Kingston,Food,414.58,107.0,4.2,5
300,2024-10-02,Store C,Hamilton,Food,1692.99,104.0,4.4,10
1923,2023-04-29,Store H,Windsor,Books,8341.32,65.0,3.8,5
1066,2025-07-21,Store D,London,Electronics,1331.53,45.0,4.5,10
2039,2025-09-10,Store C,Hamilton,Electronics,1281.6,47.0,3.9,15
535,2024-11-28,Store B,Ottawa,,2084.37,82.0,4.0,5
2924,2025-04-24,Store E,Kingston,Sports,1867.26,91.0,4.8,10
2766,2024-06-25,Store C,Hamilton,Food,,104.0,,25
2227,2024-04-07,Store G,Waterloo,Sports,432.27,,4.3,5
274,2024-02-25,Store D,London,Home,1643.71,119.0,4.1,5
395,2024-09-13,Store B,Ottawa,Electronics,2571.65,73.0,4.3,0
193,2025-04-04,Store F,Mississauga,Electronics,2343.91,130.0,3.9,25
